Time Step,Episodes
1,0.0
2,0.0
3,0.0
4,0.0
5,0.0
6,0.0
7,0.0
8,0.0
9,0.0
10,0.0
11,0.0
12,0.0
13,0.0
14,0.0
15,0.0
16,0.0
17,0.0
18,0.0
19,0.0
20,0.0
21,0.0
22,0.0
23,0.0
24,0.0
25,0.0
26,0.0
27,0.0
28,0.0
29,0.0
30,0.0
31,0.0
32,0.0
33,0.0
34,0.0
35,0.0
36,0.0
37,0.0
38,0.0
39,0.0
40,0.0
41,0.0
42,0.0
43,0.0
44,0.0
45,0.0
46,0.0
47,0.0
48,0.0
49,0.0
50,0.0
51,0.0
52,0.0
53,0.0
54,0.0
55,0.0
56,0.0
57,0.0
58,0.0
59,0.0
60,0.0
61,0.0
62,0.0
63,0.0
64,0.0
65,0.0
66,0.0
67,0.0
68,0.0
69,0.0
70,0.0
71,0.0
72,0.0
73,0.0
74,0.0
75,0.0
76,0.0
77,0.0
78,0.0
79,0.0
80,0.0
81,0.0
82,0.0
83,0.0
84,0.0
85,0.0
86,0.0
87,0.0
88,0.0
89,0.0
90,0.0
91,0.0
92,0.0
93,0.0
94,0.0
95,0.0
96,0.0
97,0.0
98,0.0
99,0.0
100,0.0
101,0.0
102,0.0
103,0.0
104,0.0
105,0.0
106,0.0
107,0.0
108,0.0
109,0.0
110,0.0
111,0.0
112,0.0
113,0.0
114,0.0
115,0.0
116,0.0
117,0.0
118,0.0
119,0.0
120,0.0
121,0.0
122,0.0
123,0.0
124,0.0
125,0.0
126,0.0
127,0.0
128,0.0
129,0.0
130,0.0
131,0.0
132,0.0
133,0.0
134,0.0
135,0.0
136,0.0
137,0.0
138,0.0
139,0.0
140,0.0
141,0.0
142,0.0
143,0.0
144,0.0
145,0.0
146,0.0
147,0.0
148,0.0
149,0.0
150,0.0
151,0.0
152,0.0
153,0.0
154,0.0
155,0.0
156,0.0
157,0.0
158,0.0
159,0.0
160,0.0
161,0.0
162,0.0
163,0.0
164,0.0
165,0.0
166,0.0
167,0.0
168,0.0
169,0.0
170,0.0
171,0.0
172,0.0
173,0.0
174,0.0
175,0.0
176,0.0
177,0.0
178,0.0
179,0.0
180,0.0
181,0.0
182,0.0
183,0.0
184,0.0
185,0.0
186,0.0
187,0.0
188,0.0
189,0.0
190,0.0
191,0.0
192,0.0
193,0.0
194,0.0
195,0.0
196,0.0
197,0.0
198,0.0
199,0.0
200,0.0
201,0.0
202,0.0
203,0.0
204,0.0
205,0.0
206,0.0
207,0.0
208,0.0
209,0.0
210,0.0
211,0.0
212,0.0
213,0.0
214,0.0
215,0.0
216,0.0
217,0.0
218,0.0
219,0.0
220,0.0
221,0.0
222,0.0
223,0.0
224,0.0
225,0.0
226,0.0
227,0.0
228,0.0
229,0.0
230,0.0
231,0.0
232,0.0
233,0.0
234,0.0
235,0.0
236,0.0
237,0.0
238,0.0
239,0.0
240,0.0
241,0.0
242,0.0
243,0.0
244,0.0
245,0.0
246,0.0
247,0.0
248,0.0
249,0.0
250,0.0
251,0.0
252,0.0
253,0.0
254,0.0
255,0.0
256,0.0
257,0.0
258,0.0
259,0.0
260,0.0
261,0.0
262,0.0
263,0.0
264,0.0
265,0.0
266,0.0
267,0.0
268,0.0
269,0.0
270,0.0
271,0.0
272,0.0
273,0.0
274,0.0
275,0.0
276,0.0
277,0.0
278,0.0
279,0.0
280,0.0
281,0.0
282,0.0
283,0.0
284,0.0
285,0.0
286,0.0
287,0.0
288,0.0
289,0.0
290,0.0
291,0.0
292,0.0
293,0.0
294,0.0
295,0.0
296,0.0
297,0.0
298,0.0
299,0.0
300,0.0
301,0.0
302,0.0
303,0.0
304,0.0
305,0.0
306,0.0
307,0.0
308,0.0
309,0.0
310,0.0
311,0.0
312,0.0
313,0.0
314,0.0
315,0.0
316,0.0
317,0.0
318,0.0
319,0.0
320,0.0
321,0.0
322,0.0
323,0.0
324,0.0
325,0.0
326,0.0
327,0.0
328,0.0
329,0.0
330,0.0
331,0.0
332,0.0
333,0.0
334,0.0
335,0.0
336,0.0
337,0.0
338,0.0
339,0.0
340,0.0
341,0.0
342,0.0
343,0.0
344,0.0
345,0.0
346,0.0
347,0.0
348,0.0
349,0.0
350,0.0
351,0.0
352,0.0
353,0.0
354,0.0
355,0.0
356,0.0
357,0.0
358,0.0
359,0.0
360,0.0
361,0.0
362,0.0
363,0.0
364,0.0
365,0.0
366,0.0
367,0.0
368,0.0
369,0.0
370,0.0
371,0.0
372,0.0
373,0.0
374,0.0
375,0.0
376,0.0
377,0.0
378,0.0
379,0.0
380,0.0
381,0.0
382,0.0
383,0.0
384,0.0
385,0.0
386,0.0
387,0.0
388,0.0
389,0.0
390,0.0
391,0.0
392,0.0
393,0.0
394,0.0
395,0.0
396,0.0
397,0.0
398,0.0
399,0.0
400,0.0
401,0.0
402,0.0
403,0.0
404,0.0
405,0.0
406,0.0
407,0.0
408,0.0
409,0.0
410,0.0
411,0.0
412,0.0
413,0.0
414,0.0
415,0.0
416,0.0
417,0.0
418,0.0
419,0.0
420,0.0
421,0.0
422,0.0
423,0.0
424,0.0
425,0.0
426,0.0
427,0.0
428,0.0
429,0.0
430,0.0
431,0.0
432,0.0
433,0.0
434,0.0
435,0.0
436,0.0
437,0.0
438,0.0
439,0.0
440,0.0
441,0.0
442,0.0
443,0.0
444,0.0
445,0.0
446,0.0
447,0.0
448,0.0
449,0.0
450,0.0
451,0.0
452,0.0
453,0.0
454,0.0
455,0.0
456,0.0
457,0.0
458,0.0
459,0.0
460,0.0
461,0.0
462,0.0
463,0.0
464,0.0
465,0.0
466,0.0
467,0.0
468,0.0
469,0.0
470,0.0
471,0.0
472,0.0
473,0.0
474,0.0
475,0.0
476,0.0
477,0.0
478,0.0
479,0.0
480,0.0
481,0.0
482,0.0
483,0.0
484,0.0
485,0.0
486,0.0
487,0.0
488,0.0
489,0.0
490,0.0
491,0.0
492,0.0
493,0.0
494,0.0
495,0.0
496,0.0
497,0.0
498,0.0
499,0.0
500,0.0
501,0.0
502,0.0
503,0.0
504,0.0
505,0.0
506,0.0
507,0.0
508,0.0
509,0.0
510,0.0
511,0.0
512,0.0
513,0.0
514,0.0
515,0.0
516,0.0
517,0.0
518,0.0
519,0.0
520,0.0
521,0.0
522,0.0
523,0.0
524,0.0
525,0.0
526,0.0
527,0.0
528,0.0
529,0.0
530,0.0
531,0.0
532,0.0
533,0.0
534,0.0
535,0.0
536,0.0
537,0.0
538,0.0
539,0.0
540,0.0
541,0.0
542,0.0
543,0.0
544,0.0
545,0.0
546,0.0
547,0.0
548,0.0
549,0.0
550,0.0
551,0.0
552,0.0
553,0.0
554,0.0
555,0.0
556,0.0
557,0.0
558,0.0
559,0.0
560,0.0
561,0.0
562,0.0
563,0.0
564,0.0
565,0.0
566,0.0
567,0.0
568,0.0
569,0.0
570,0.0
571,0.0
572,0.0
573,0.0
574,0.0
575,0.0
576,0.0
577,0.0
578,0.0
579,0.0
580,0.0
581,0.0
582,0.0
583,0.0
584,0.0
585,0.0
586,0.0
587,0.0
588,0.0
589,0.0
590,0.0
591,0.0
592,0.0
593,0.0
594,0.0
595,0.0
596,0.0
597,0.0
598,0.0
599,0.0
600,0.0
601,0.0
602,0.0
603,0.0
604,0.0
605,0.0
606,0.0
607,0.0
608,0.0
609,0.0
610,0.0
611,0.0
612,0.0
613,0.0
614,0.0
615,0.0
616,0.0
617,0.0
618,0.0
619,0.0
620,0.0
621,0.0
622,0.0
623,0.0
624,0.0
625,0.0
626,0.0
627,0.0
628,0.0
629,0.0
630,0.0
631,0.0
632,0.0
633,0.0
634,0.0
635,0.0
636,0.0
637,0.0
638,0.0
639,0.0
640,0.0
641,0.0
642,0.0
643,0.0
644,0.0
645,0.0
646,0.0
647,0.0
648,0.0
649,0.0
650,0.0
651,0.0
652,0.0
653,0.0
654,0.0
655,0.0
656,0.0
657,0.0
658,0.0
659,0.0
660,0.0
661,0.0
662,0.0
663,0.0
664,0.0
665,0.0
666,0.0
667,0.0
668,0.0
669,0.0
670,0.0
671,0.0
672,0.0
673,0.0
674,0.0
675,0.0
676,0.0
677,0.0
678,0.0
679,0.0
680,0.0
681,0.0
682,0.0
683,0.0
684,0.0
685,0.0
686,0.0
687,0.0
688,0.0
689,0.0
690,0.0
691,0.0
692,0.0
693,0.0
694,0.0
695,0.0
696,0.0
697,0.0
698,0.0
699,0.0
700,0.0
701,0.0
702,0.0
703,0.0
704,0.0
705,0.0
706,0.0
707,0.0
708,0.0
709,0.0
710,0.0
711,0.0
712,0.0
713,0.0
714,0.0
715,0.0
716,0.0
717,0.0
718,0.0
719,0.0
720,0.0
721,0.0
722,0.0
723,0.0
724,0.0
725,0.0
726,0.0
727,0.0
728,0.0
729,0.0
730,0.0
731,0.0
732,0.0
733,0.0
734,0.0
735,0.0
736,0.0
737,0.0
738,0.0
739,0.0
740,0.0
741,0.0
742,0.0
743,0.0
744,0.0
745,0.0
746,0.0
747,0.0
748,0.0
749,0.0
750,0.0
751,0.0
752,0.0
753,0.0
754,0.0
755,0.0
756,0.0
757,0.0
758,0.0
759,0.0
760,0.0
761,0.0
762,0.0
763,0.0
764,0.0
765,0.0
766,0.0
767,0.0
768,0.0
769,0.0
770,0.0
771,0.0
772,0.0
773,0.0
774,0.0
775,0.0
776,0.0
777,0.0
778,0.0
779,0.0
780,0.0
781,0.0
782,0.0
783,0.0
784,0.0
785,0.0
786,0.0
787,0.0
788,0.0
789,0.0
790,0.0
791,0.0
792,0.0
793,0.0
794,0.0
795,0.0
796,0.0
797,0.0
798,0.0
799,0.0
800,0.0
801,0.0
802,0.0
803,0.0
804,0.0
805,0.0
806,0.0
807,0.0
808,0.0
809,0.0
810,0.0
811,0.0
812,0.0
813,0.0
814,0.0
815,0.0
816,0.0
817,0.0
818,0.0
819,0.0
820,0.0
821,0.0
822,0.0
823,0.0
824,0.0
825,0.0
826,0.0
827,0.0
828,0.0
829,0.0
830,0.0
831,0.0
832,0.0
833,0.0
834,0.0
835,0.0
836,0.0
837,0.0
838,0.0
839,0.0
840,0.0
841,0.0
842,0.0
843,0.0
844,0.0
845,0.0
846,0.0
847,0.0
848,0.0
849,0.0
850,0.0
851,0.0
852,0.0
853,0.0
854,0.0
855,0.0
856,0.0
857,0.0
858,0.0
859,0.0
860,0.0
861,0.0
862,0.0
863,0.0
864,0.0
865,0.0
866,0.0
867,0.0
868,0.0
869,0.0
870,0.0
871,0.0
872,0.0
873,0.0
874,0.0
875,0.0
876,0.0
877,0.0
878,0.0
879,0.0
880,0.0
881,0.0
882,0.0
883,0.0
884,0.0
885,0.0
886,0.0
887,0.0
888,0.0
889,0.0
890,0.0
891,0.0
892,0.0
893,0.0
894,0.0
895,0.0
896,0.0
897,0.0
898,0.0
899,0.0
900,0.0
901,0.0
902,0.0
903,0.0
904,0.0
905,0.0
906,0.0
907,0.0
908,0.0
909,0.0
910,0.0
911,0.0
912,0.0
913,0.0
914,0.0
915,0.0
916,0.0
917,0.0
918,0.0
919,0.0
920,0.0
921,0.0
922,0.0
923,0.0
924,0.0
925,0.0
926,0.0
927,0.0
928,0.0
929,0.0
930,0.0
931,0.0
932,0.0
933,0.0
934,0.0
935,0.0
936,0.0
937,0.0
938,0.0
939,0.0
940,0.0
941,0.0
942,0.0
943,0.0
944,0.0
945,0.0
946,0.0
947,0.0
948,0.0
949,0.0
950,0.0
951,0.0
952,0.0
953,0.0
954,0.0
955,0.0
956,0.0
957,0.0
958,0.0
959,0.0
960,0.0
961,0.0
962,0.0
963,0.0
964,0.0
965,0.0
966,0.0
967,0.0
968,0.0
969,0.0
970,0.0
971,0.0
972,0.0
973,0.0
974,0.0
975,0.0
976,0.0
977,0.0
978,0.0
979,0.0
980,0.0
981,0.0
982,0.0
983,0.0
984,0.0
985,0.0
986,0.0
987,0.0
988,0.0
989,0.0
990,0.0
991,0.0
992,0.0
993,0.0
994,0.0
995,0.0
996,0.0
997,0.0
998,0.0
999,0.0
1000,0.0
1001,0.0
1002,0.0
1003,0.0
1004,0.0
1005,0.0
1006,0.0
1007,0.0
1008,0.0
1009,0.0
1010,0.0
1011,0.0
1012,0.0
1013,0.0
1014,0.0
1015,0.0
1016,0.0
1017,0.0
1018,0.0
1019,0.0
1020,0.0
1021,0.0
1022,0.0
1023,0.0
1024,0.0
1025,0.0
1026,0.0
1027,0.0
1028,0.0
1029,0.0
1030,0.0
1031,0.0
1032,0.0
1033,0.0
1034,0.0
1035,0.0
1036,0.0
1037,0.0
1038,0.0
1039,0.0
1040,0.0
1041,0.0
1042,0.0
1043,0.0
1044,0.0
1045,0.0
1046,0.0
1047,0.0
1048,0.0
1049,0.0
1050,0.0
1051,0.0
1052,0.0
1053,0.0
1054,0.0
1055,0.0
1056,0.0
1057,0.0
1058,0.0
1059,0.0
1060,0.0
1061,0.0
1062,0.0
1063,0.0
1064,0.0
1065,0.0
1066,0.0
1067,0.0
1068,0.0
1069,0.0
1070,0.0
1071,0.0
1072,0.0
1073,0.0
1074,0.0
1075,0.0
1076,0.0
1077,0.0
1078,0.0
1079,0.0
1080,0.0
1081,0.0
1082,0.0
1083,0.0
1084,0.0
1085,0.0
1086,0.0
1087,0.0
1088,0.0
1089,0.0
1090,0.0
1091,0.0
1092,0.0
1093,0.0
1094,0.0
1095,0.0
1096,0.0
1097,0.0
1098,0.0
1099,0.0
1100,0.0
1101,0.0
1102,0.0
1103,0.0
1104,0.0
1105,0.0
1106,0.0
1107,0.0
1108,0.0
1109,0.0
1110,0.0
1111,0.0
1112,0.0
1113,0.0
1114,0.0
1115,0.0
1116,0.0
1117,0.0
1118,0.0
1119,0.0
1120,0.0
1121,0.0
1122,0.0
1123,0.0
1124,0.0
1125,0.0
1126,0.0
1127,0.0
1128,0.0
1129,0.0
1130,0.0
1131,0.0
1132,0.0
1133,0.0
1134,0.0
1135,0.0
1136,0.0
1137,0.0
1138,0.0
1139,0.0
1140,0.0
1141,0.0
1142,0.0
1143,0.0
1144,0.0
1145,0.0
1146,0.0
1147,0.0
1148,0.0
1149,0.0
1150,0.0
1151,0.0
1152,0.0
1153,0.0
1154,0.0
1155,0.0
1156,0.0
1157,0.0
1158,0.0
1159,0.0
1160,0.0
1161,0.0
1162,0.0
1163,0.0
1164,0.0
1165,0.0
1166,0.0
1167,0.0
1168,0.0
1169,0.0
1170,0.0
1171,0.0
1172,0.0
1173,0.0
1174,0.0
1175,0.0
1176,0.0
1177,0.0
1178,0.0
1179,0.0
1180,0.0
1181,0.0
1182,0.0
1183,0.0
1184,0.0
1185,0.0
1186,0.0
1187,0.0
1188,0.0
1189,0.0
1190,0.0
1191,0.0
1192,0.0
1193,0.0
1194,0.0
1195,0.0
1196,0.0
1197,0.0
1198,0.0
1199,0.0
1200,0.0
1201,0.0
1202,0.0
1203,0.0
1204,0.0
1205,0.0
1206,0.0
1207,0.0
1208,0.0
1209,0.0
1210,0.0
1211,0.0
1212,0.0
1213,0.0
1214,0.0
1215,0.0
1216,0.0
1217,0.0
1218,0.0
1219,0.0
1220,0.0
1221,0.0
1222,0.0
1223,0.0
1224,0.0
1225,0.0
1226,0.0
1227,0.0
1228,0.0
1229,0.0
1230,0.0
1231,0.0
1232,0.0
1233,0.0
1234,0.0
1235,0.0
1236,0.0
1237,0.0
1238,0.0
1239,0.0
1240,0.0
1241,0.0
1242,0.0
1243,0.0
1244,0.0
1245,0.0
1246,0.0
1247,0.0
1248,0.0
1249,0.0
1250,0.0
1251,0.0
1252,0.0
1253,1.0
1254,1.0
1255,1.0
1256,1.0
1257,1.0
1258,1.0
1259,1.0
1260,1.0
1261,1.0
1262,1.0
1263,1.0
1264,1.0
1265,1.0
1266,1.0
1267,1.0
1268,1.0
1269,1.0
1270,1.0
1271,1.0
1272,1.0
1273,1.0
1274,1.0
1275,1.0
1276,1.0
1277,1.0
1278,1.0
1279,1.0
1280,1.0
1281,1.0
1282,1.0
1283,1.0
1284,1.0
1285,1.0
1286,1.0
1287,1.0
1288,1.0
1289,1.0
1290,1.0
1291,1.0
1292,1.0
1293,1.0
1294,1.0
1295,1.0
1296,1.0
1297,1.0
1298,1.0
1299,1.0
1300,1.0
1301,1.0
1302,1.0
1303,1.0
1304,1.0
1305,1.0
1306,1.0
1307,1.0
1308,1.0
1309,1.0
1310,1.0
1311,1.0
1312,1.0
1313,1.0
1314,1.0
1315,1.0
1316,1.0
1317,1.0
1318,1.0
1319,1.0
1320,1.0
1321,1.0
1322,1.0
1323,1.0
1324,1.0
1325,1.0
1326,1.0
1327,2.0
1328,2.0
1329,2.0
1330,2.0
1331,2.0
1332,2.0
1333,2.0
1334,2.0
1335,2.0
1336,2.0
1337,2.0
1338,2.0
1339,2.0
1340,2.0
1341,2.0
1342,2.0
1343,2.0
1344,2.0
1345,2.0
1346,2.0
1347,2.0
1348,2.0
1349,2.0
1350,2.0
1351,2.0
1352,2.0
1353,2.0
1354,2.0
1355,2.0
1356,2.0
1357,2.0
1358,2.0
1359,2.0
1360,2.0
1361,2.0
1362,2.0
1363,2.0
1364,2.0
1365,2.0
1366,2.0
1367,2.0
1368,2.0
1369,2.0
1370,2.0
1371,2.0
1372,2.0
1373,2.0
1374,2.0
1375,2.0
1376,2.0
1377,2.0
1378,2.0
1379,2.0
1380,2.0
1381,2.0
1382,2.0
1383,2.0
1384,2.0
1385,2.0
1386,2.0
1387,2.0
1388,2.0
1389,2.0
1390,2.0
1391,2.0
1392,2.0
1393,2.0
1394,2.0
1395,2.0
1396,2.0
1397,2.0
1398,2.0
1399,2.0
1400,2.0
1401,2.0
1402,2.0
1403,2.0
1404,2.0
1405,2.0
1406,2.0
1407,2.0
1408,2.0
1409,2.0
1410,2.0
1411,2.0
1412,2.0
1413,2.0
1414,2.0
1415,2.0
1416,2.0
1417,2.0
1418,2.0
1419,2.0
1420,2.0
1421,2.0
1422,2.0
1423,2.0
1424,2.0
1425,2.0
1426,2.0
1427,2.0
1428,2.0
1429,2.0
1430,2.0
1431,2.0
1432,2.0
1433,2.0
1434,2.0
1435,2.0
1436,2.0
1437,2.0
1438,2.0
1439,2.0
1440,2.0
1441,2.0
1442,3.0
1443,3.0
1444,3.0
1445,3.0
1446,3.0
1447,3.0
1448,3.0
1449,3.0
1450,3.0
1451,3.0
1452,3.0
1453,3.0
1454,3.0
1455,3.0
1456,3.0
1457,3.0
1458,3.0
1459,3.0
1460,3.0
1461,3.0
1462,3.0
1463,3.0
1464,3.0
1465,3.0
1466,3.0
1467,3.0
1468,3.0
1469,3.0
1470,3.0
1471,3.0
1472,3.0
1473,3.0
1474,3.0
1475,3.0
1476,3.0
1477,3.0
1478,3.0
1479,3.0
1480,3.0
1481,3.0
1482,3.0
1483,3.0
1484,3.0
1485,3.0
1486,3.0
1487,4.0
1488,4.0
1489,4.0
1490,4.0
1491,4.0
1492,4.0
1493,4.0
1494,4.0
1495,4.0
1496,4.0
1497,4.0
1498,4.0
1499,4.0
1500,4.0
1501,4.0
1502,4.0
1503,4.0
1504,4.0
1505,4.0
1506,4.0
1507,4.0
1508,4.0
1509,4.0
1510,4.0
1511,4.0
1512,4.0
1513,4.0
1514,4.0
1515,4.0
1516,4.0
1517,4.0
1518,4.0
1519,4.0
1520,4.0
1521,4.0
1522,4.0
1523,4.0
1524,4.0
1525,4.0
1526,4.0
1527,4.0
1528,4.0
1529,4.0
1530,4.0
1531,4.0
1532,4.0
1533,4.0
1534,4.0
1535,4.0
1536,4.0
1537,4.0
1538,4.0
1539,4.0
1540,5.0
1541,5.0
1542,5.0
1543,5.0
1544,5.0
1545,5.0
1546,5.0
1547,5.0
1548,5.0
1549,5.0
1550,5.0
1551,5.0
1552,5.0
1553,5.0
1554,5.0
1555,5.0
1556,5.0
1557,5.0
1558,5.0
1559,5.0
1560,5.0
1561,5.0
1562,5.0
1563,5.0
1564,5.0
1565,5.0
1566,5.0
1567,5.0
1568,5.0
1569,5.0
1570,5.0
1571,5.0
1572,5.0
1573,5.0
1574,5.0
1575,5.0
1576,5.0
1577,5.0
1578,5.0
1579,5.0
1580,5.0
1581,5.0
1582,5.0
1583,5.0
1584,5.0
1585,5.0
1586,5.0
1587,5.0
1588,5.0
1589,5.0
1590,5.0
1591,5.0
1592,5.0
1593,5.0
1594,5.0
1595,5.0
1596,5.0
1597,5.0
1598,5.0
1599,5.0
1600,5.0
1601,5.0
1602,5.0
1603,5.0
1604,5.0
1605,5.0
1606,5.0
1607,5.0
1608,5.0
1609,5.0
1610,5.0
1611,5.0
1612,5.0
1613,5.0
1614,5.0
1615,5.0
1616,5.0
1617,5.0
1618,5.0
1619,5.0
1620,5.0
1621,5.0
1622,5.0
1623,5.0
1624,5.0
1625,5.0
1626,5.0
1627,5.0
1628,5.0
1629,5.0
1630,5.0
1631,5.0
1632,5.0
1633,5.0
1634,5.0
1635,5.0
1636,5.0
1637,5.0
1638,5.0
1639,5.0
1640,5.0
1641,5.0
1642,5.0
1643,5.0
1644,5.0
1645,5.0
1646,5.0
1647,5.0
1648,5.0
1649,6.0
1650,6.0
1651,6.0
1652,6.0
1653,6.0
1654,6.0
1655,6.0
1656,6.0
1657,6.0
1658,6.0
1659,6.0
1660,6.0
1661,6.0
1662,6.0
1663,6.0
1664,6.0
1665,6.0
1666,6.0
1667,6.0
1668,6.0
1669,6.0
1670,6.0
1671,6.0
1672,6.0
1673,6.0
1674,6.0
1675,6.0
1676,6.0
1677,6.0
1678,6.0
1679,6.0
1680,6.0
1681,6.0
1682,6.0
1683,6.0
1684,6.0
1685,6.0
1686,6.0
1687,6.0
1688,6.0
1689,6.0
1690,6.0
1691,6.0
1692,6.0
1693,6.0
1694,6.0
1695,6.0
1696,6.0
1697,6.0
1698,6.0
1699,6.0
1700,6.0
1701,6.0
1702,6.0
1703,6.0
1704,6.0
1705,6.0
1706,6.0
1707,6.0
1708,6.0
1709,6.0
1710,6.0
1711,6.0
1712,7.0
1713,7.0
1714,7.0
1715,7.0
1716,7.0
1717,7.0
1718,7.0
1719,7.0
1720,7.0
1721,7.0
1722,7.0
1723,7.0
1724,7.0
1725,7.0
1726,7.0
1727,7.0
1728,7.0
1729,7.0
1730,7.0
1731,7.0
1732,7.0
1733,7.0
1734,7.0
1735,7.0
1736,7.0
1737,7.0
1738,7.0
1739,8.0
1740,8.0
1741,8.0
1742,8.0
1743,8.0
1744,8.0
1745,8.0
1746,8.0
1747,8.0
1748,8.0
1749,8.0
1750,8.0
1751,8.0
1752,8.0
1753,8.0
1754,8.0
1755,8.0
1756,8.0
1757,8.0
1758,8.0
1759,8.0
1760,8.0
1761,8.0
1762,8.0
1763,8.0
1764,8.0
1765,8.0
1766,8.0
1767,8.0
1768,8.0
1769,8.0
1770,8.0
1771,8.0
1772,8.0
1773,8.0
1774,8.0
1775,8.0
1776,8.0
1777,8.0
1778,8.0
1779,8.0
1780,8.0
1781,8.0
1782,8.0
1783,8.0
1784,8.0
1785,8.0
1786,8.0
1787,8.0
1788,8.0
1789,8.0
1790,8.0
1791,8.0
1792,8.0
1793,8.0
1794,8.0
1795,8.0
1796,8.0
1797,8.0
1798,8.0
1799,8.0
1800,8.0
1801,8.0
1802,8.0
1803,8.0
1804,8.0
1805,8.0
1806,8.0
1807,8.0
1808,8.0
1809,8.0
1810,8.0
1811,8.0
1812,8.0
1813,8.0
1814,8.0
1815,8.0
1816,8.0
1817,8.0
1818,8.0
1819,8.0
1820,8.0
1821,8.0
1822,8.0
1823,8.0
1824,8.0
1825,8.0
1826,8.0
1827,8.0
1828,8.0
1829,8.0
1830,8.0
1831,8.0
1832,8.0
1833,8.0
1834,8.0
1835,8.0
1836,8.0
1837,8.0
1838,8.0
1839,8.0
1840,8.0
1841,8.0
1842,8.0
1843,8.0
1844,8.0
1845,8.0
1846,8.0
1847,8.0
1848,8.0
1849,8.0
1850,8.0
1851,8.0
1852,8.0
1853,8.0
1854,8.0
1855,8.0
1856,8.0
1857,8.0
1858,8.0
1859,8.0
1860,8.0
1861,8.0
1862,8.0
1863,8.0
1864,8.0
1865,8.0
1866,8.0
1867,8.0
1868,8.0
1869,8.0
1870,8.0
1871,8.0
1872,8.0
1873,8.0
1874,8.0
1875,8.0
1876,8.0
1877,8.0
1878,8.0
1879,8.0
1880,8.0
1881,8.0
1882,8.0
1883,8.0
1884,8.0
1885,8.0
1886,8.0
1887,8.0
1888,8.0
1889,8.0
1890,8.0
1891,8.0
1892,9.0
1893,9.0
1894,9.0
1895,9.0
1896,9.0
1897,9.0
1898,9.0
1899,9.0
1900,9.0
1901,9.0
1902,9.0
1903,9.0
1904,9.0
1905,9.0
1906,9.0
1907,9.0
1908,9.0
1909,9.0
1910,9.0
1911,9.0
1912,9.0
1913,9.0
1914,9.0
1915,9.0
1916,9.0
1917,9.0
1918,9.0
1919,9.0
1920,9.0
1921,9.0
1922,9.0
1923,9.0
1924,9.0
1925,9.0
1926,9.0
1927,9.0
1928,9.0
1929,9.0
1930,9.0
1931,9.0
1932,9.0
1933,9.0
1934,9.0
1935,9.0
1936,9.0
1937,9.0
1938,9.0
1939,9.0
1940,9.0
1941,9.0
1942,9.0
1943,9.0
1944,9.0
1945,9.0
1946,9.0
1947,9.0
1948,9.0
1949,9.0
1950,9.0
1951,9.0
1952,9.0
1953,9.0
1954,9.0
1955,9.0
1956,9.0
1957,9.0
1958,9.0
1959,9.0
1960,9.0
1961,9.0
1962,9.0
1963,9.0
1964,9.0
1965,9.0
1966,9.0
1967,9.0
1968,9.0
1969,9.0
1970,9.0
1971,9.0
1972,9.0
1973,9.0
1974,9.0
1975,9.0
1976,9.0
1977,9.0
1978,9.0
1979,9.0
1980,9.0
1981,9.0
1982,9.0
1983,9.0
1984,9.0
1985,9.0
1986,9.0
1987,9.0
1988,9.0
1989,9.0
1990,9.0
1991,9.0
1992,9.0
1993,9.0
1994,9.0
1995,9.0
1996,9.0
1997,9.0
1998,9.0
1999,9.0
2000,9.0
2001,9.0
2002,9.0
2003,9.0
2004,9.0
2005,9.0
2006,9.0
2007,9.0
2008,9.0
2009,9.0
2010,9.0
2011,9.0
2012,9.0
2013,9.0
2014,9.0
2015,9.0
2016,9.0
2017,9.0
2018,9.0
2019,9.0
2020,9.0
2021,9.0
2022,9.0
2023,9.0
2024,9.0
2025,9.0
2026,9.0
2027,9.0
2028,9.0
2029,9.0
2030,9.0
2031,9.0
2032,9.0
2033,9.0
2034,9.0
2035,9.0
2036,9.0
2037,9.0
2038,9.0
2039,9.0
2040,9.0
2041,9.0
2042,9.0
2043,9.0
2044,9.0
2045,9.0
2046,10.0
2047,10.0
2048,10.0
2049,10.0
2050,10.0
2051,10.0
2052,10.0
2053,10.0
2054,10.0
2055,10.0
2056,10.0
2057,10.0
2058,10.0
2059,10.0
2060,10.0
2061,10.0
2062,10.0
2063,10.0
2064,10.0
2065,10.0
2066,10.0
2067,10.0
2068,10.0
2069,10.0
2070,10.0
2071,10.0
2072,10.0
2073,10.0
2074,10.0
2075,10.0
2076,10.0
2077,11.0
2078,11.0
2079,11.0
2080,11.0
2081,11.0
2082,11.0
2083,11.0
2084,11.0
2085,11.0
2086,11.0
2087,11.0
2088,11.0
2089,11.0
2090,11.0
2091,11.0
2092,11.0
2093,11.0
2094,11.0
2095,11.0
2096,11.0
2097,11.0
2098,11.0
2099,11.0
2100,11.0
2101,11.0
2102,11.0
2103,11.0
2104,11.0
2105,11.0
2106,11.0
2107,12.0
2108,12.0
2109,12.0
2110,12.0
2111,12.0
2112,12.0
2113,12.0
2114,12.0
2115,12.0
2116,12.0
2117,12.0
2118,12.0
2119,12.0
2120,12.0
2121,12.0
2122,12.0
2123,12.0
2124,12.0
2125,12.0
2126,12.0
2127,13.0
2128,13.0
2129,13.0
2130,13.0
2131,13.0
2132,13.0
2133,13.0
2134,13.0
2135,13.0
2136,13.0
2137,13.0
2138,13.0
2139,13.0
2140,13.0
2141,13.0
2142,13.0
2143,13.0
2144,13.0
2145,13.0
2146,13.0
2147,13.0
2148,13.0
2149,13.0
2150,13.0
2151,13.0
2152,13.0
2153,13.0
2154,13.0
2155,13.0
2156,13.0
2157,13.0
2158,13.0
2159,13.0
2160,13.0
2161,13.0
2162,13.0
2163,13.0
2164,13.0
2165,13.0
2166,13.0
2167,13.0
2168,13.0
2169,13.0
2170,13.0
2171,13.0
2172,13.0
2173,13.0
2174,13.0
2175,13.0
2176,13.0
2177,13.0
2178,13.0
2179,13.0
2180,13.0
2181,13.0
2182,13.0
2183,13.0
2184,13.0
2185,14.0
2186,14.0
2187,14.0
2188,14.0
2189,14.0
2190,14.0
2191,14.0
2192,14.0
2193,14.0
2194,14.0
2195,14.0
2196,14.0
2197,14.0
2198,14.0
2199,14.0
2200,14.0
2201,14.0
2202,14.0
2203,14.0
2204,14.0
2205,14.0
2206,14.0
2207,14.0
2208,14.0
2209,14.0
2210,14.0
2211,14.0
2212,14.0
2213,14.0
2214,14.0
2215,14.0
2216,14.0
2217,14.0
2218,14.0
2219,14.0
2220,14.0
2221,14.0
2222,15.0
2223,15.0
2224,15.0
2225,15.0
2226,15.0
2227,15.0
2228,15.0
2229,15.0
2230,15.0
2231,15.0
2232,15.0
2233,15.0
2234,15.0
2235,15.0
2236,15.0
2237,15.0
2238,15.0
2239,16.0
2240,16.0
2241,16.0
2242,16.0
2243,16.0
2244,16.0
2245,16.0
2246,16.0
2247,16.0
2248,16.0
2249,16.0
2250,16.0
2251,16.0
2252,16.0
2253,16.0
2254,16.0
2255,16.0
2256,16.0
2257,16.0
2258,16.0
2259,16.0
2260,16.0
2261,16.0
2262,16.0
2263,16.0
2264,16.0
2265,16.0
2266,16.0
2267,16.0
2268,16.0
2269,16.0
2270,16.0
2271,16.0
2272,16.0
2273,16.0
2274,16.0
2275,16.0
2276,16.0
2277,16.0
2278,16.0
2279,16.0
2280,16.0
2281,16.0
2282,16.0
2283,16.0
2284,16.0
2285,16.0
2286,16.0
2287,16.0
2288,16.0
2289,16.0
2290,16.0
2291,16.0
2292,16.0
2293,16.0
2294,16.0
2295,16.0
2296,16.0
2297,16.0
2298,16.0
2299,16.0
2300,16.0
2301,16.0
2302,16.0
2303,16.0
2304,16.0
2305,16.0
2306,16.0
2307,16.0
2308,16.0
2309,16.0
2310,16.0
2311,16.0
2312,16.0
2313,16.0
2314,16.0
2315,16.0
2316,16.0
2317,16.0
2318,16.0
2319,16.0
2320,16.0
2321,16.0
2322,16.0
2323,16.0
2324,16.0
2325,16.0
2326,16.0
2327,16.0
2328,16.0
2329,16.0
2330,16.0
2331,16.0
2332,16.0
2333,16.0
2334,16.0
2335,16.0
2336,16.0
2337,16.0
2338,17.0
2339,17.0
2340,17.0
2341,17.0
2342,17.0
2343,17.0
2344,17.0
2345,17.0
2346,17.0
2347,17.0
2348,17.0
2349,17.0
2350,17.0
2351,17.0
2352,17.0
2353,17.0
2354,17.0
2355,17.0
2356,17.0
2357,17.0
2358,17.0
2359,17.0
2360,17.0
2361,17.0
2362,17.0
2363,17.0
2364,17.0
2365,17.0
2366,17.0
2367,18.0
2368,18.0
2369,18.0
2370,18.0
2371,18.0
2372,18.0
2373,18.0
2374,18.0
2375,18.0
2376,18.0
2377,18.0
2378,18.0
2379,18.0
2380,18.0
2381,18.0
2382,18.0
2383,18.0
2384,18.0
2385,18.0
2386,18.0
2387,18.0
2388,18.0
2389,18.0
2390,18.0
2391,18.0
2392,18.0
2393,18.0
2394,18.0
2395,19.0
2396,19.0
2397,19.0
2398,19.0
2399,19.0
2400,19.0
2401,19.0
2402,19.0
2403,19.0
2404,19.0
2405,19.0
2406,19.0
2407,19.0
2408,19.0
2409,19.0
2410,19.0
2411,19.0
2412,19.0
2413,19.0
2414,19.0
2415,19.0
2416,19.0
2417,19.0
2418,19.0
2419,19.0
2420,19.0
2421,19.0
2422,19.0
2423,19.0
2424,19.0
2425,19.0
2426,19.0
2427,19.0
2428,19.0
2429,19.0
2430,20.0
2431,20.0
2432,20.0
2433,20.0
2434,20.0
2435,20.0
2436,20.0
2437,20.0
2438,20.0
2439,20.0
2440,20.0
2441,20.0
2442,20.0
2443,20.0
2444,20.0
2445,20.0
2446,20.0
2447,20.0
2448,20.0
2449,20.0
2450,20.0
2451,20.0
2452,20.0
2453,20.0
2454,20.0
2455,20.0
2456,20.0
2457,20.0
2458,20.0
2459,20.0
2460,20.0
2461,20.0
2462,20.0
2463,20.0
2464,21.0
2465,21.0
2466,21.0
2467,21.0
2468,21.0
2469,21.0
2470,21.0
2471,21.0
2472,21.0
2473,21.0
2474,21.0
2475,21.0
2476,21.0
2477,21.0
2478,21.0
2479,21.0
2480,21.0
2481,21.0
2482,21.0
2483,21.0
2484,21.0
2485,21.0
2486,21.0
2487,21.0
2488,21.0
2489,21.0
2490,21.0
2491,21.0
2492,21.0
2493,21.0
2494,21.0
2495,21.0
2496,21.0
2497,21.0
2498,21.0
2499,21.0
2500,21.0
2501,21.0
2502,21.0
2503,21.0
2504,21.0
2505,21.0
2506,21.0
2507,22.0
2508,22.0
2509,22.0
2510,22.0
2511,22.0
2512,22.0
2513,22.0
2514,22.0
2515,22.0
2516,22.0
2517,22.0
2518,22.0
2519,22.0
2520,22.0
2521,22.0
2522,22.0
2523,22.0
2524,22.0
2525,22.0
2526,23.0
2527,23.0
2528,23.0
2529,23.0
2530,23.0
2531,23.0
2532,23.0
2533,23.0
2534,23.0
2535,23.0
2536,23.0
2537,23.0
2538,23.0
2539,24.0
2540,24.0
2541,24.0
2542,24.0
2543,24.0
2544,24.0
2545,24.0
2546,24.0
2547,24.0
2548,24.0
2549,24.0
2550,24.0
2551,24.0
2552,24.0
2553,24.0
2554,24.0
2555,24.0
2556,24.0
2557,24.0
2558,24.0
2559,24.0
2560,24.0
2561,24.0
2562,24.0
2563,24.0
2564,24.0
2565,24.0
2566,24.0
2567,24.0
2568,25.0
2569,25.0
2570,25.0
2571,25.0
2572,25.0
2573,25.0
2574,25.0
2575,25.0
2576,25.0
2577,25.0
2578,25.0
2579,25.0
2580,25.0
2581,25.0
2582,25.0
2583,25.0
2584,25.0
2585,25.0
2586,25.0
2587,26.0
2588,26.0
2589,26.0
2590,26.0
2591,26.0
2592,26.0
2593,26.0
2594,26.0
2595,26.0
2596,26.0
2597,26.0
2598,26.0
2599,26.0
2600,26.0
2601,26.0
2602,26.0
2603,26.0
2604,26.0
2605,26.0
2606,26.0
2607,26.0
2608,26.0
2609,26.0
2610,26.0
2611,26.0
2612,26.0
2613,26.0
2614,26.0
2615,26.0
2616,26.0
2617,26.0
2618,26.0
2619,26.0
2620,26.0
2621,26.0
2622,26.0
2623,26.0
2624,26.0
2625,26.0
2626,26.0
2627,26.0
2628,26.0
2629,26.0
2630,26.0
2631,26.0
2632,26.0
2633,26.0
2634,26.0
2635,26.0
2636,26.0
2637,26.0
2638,26.0
2639,26.0
2640,26.0
2641,26.0
2642,27.0
2643,27.0
2644,27.0
2645,27.0
2646,27.0
2647,27.0
2648,27.0
2649,27.0
2650,27.0
2651,27.0
2652,27.0
2653,27.0
2654,27.0
2655,27.0
2656,27.0
2657,27.0
2658,27.0
2659,27.0
2660,27.0
2661,27.0
2662,27.0
2663,28.0
2664,28.0
2665,28.0
2666,28.0
2667,28.0
2668,28.0
2669,28.0
2670,28.0
2671,28.0
2672,28.0
2673,28.0
2674,28.0
2675,28.0
2676,28.0
2677,28.0
2678,28.0
2679,28.0
2680,28.0
2681,28.0
2682,28.0
2683,28.0
2684,28.0
2685,28.0
2686,28.0
2687,28.0
2688,28.0
2689,28.0
2690,28.0
2691,28.0
2692,28.0
2693,28.0
2694,28.0
2695,28.0
2696,28.0
2697,28.0
2698,28.0
2699,28.0
2700,28.0
2701,28.0
2702,28.0
2703,28.0
2704,28.0
2705,29.0
2706,29.0
2707,29.0
2708,29.0
2709,29.0
2710,29.0
2711,29.0
2712,29.0
2713,29.0
2714,29.0
2715,29.0
2716,29.0
2717,29.0
2718,29.0
2719,29.0
2720,29.0
2721,29.0
2722,29.0
2723,29.0
2724,29.0
2725,29.0
2726,29.0
2727,29.0
2728,30.0
2729,30.0
2730,30.0
2731,30.0
2732,30.0
2733,30.0
2734,30.0
2735,30.0
2736,30.0
2737,30.0
2738,30.0
2739,30.0
2740,30.0
2741,30.0
2742,30.0
2743,30.0
2744,30.0
2745,30.0
2746,30.0
2747,30.0
2748,30.0
2749,30.0
2750,30.0
2751,30.0
2752,30.0
2753,30.0
2754,30.0
2755,30.0
2756,30.0
2757,30.0
2758,30.0
2759,30.0
2760,31.0
2761,31.0
2762,31.0
2763,31.0
2764,31.0
2765,31.0
2766,31.0
2767,31.0
2768,31.0
2769,31.0
2770,31.0
2771,31.0
2772,31.0
2773,31.0
2774,31.0
2775,31.0
2776,32.0
2777,32.0
2778,32.0
2779,32.0
2780,32.0
2781,32.0
2782,32.0
2783,32.0
2784,32.0
2785,32.0
2786,32.0
2787,32.0
2788,32.0
2789,32.0
2790,32.0
2791,32.0
2792,32.0
2793,32.0
2794,33.0
2795,33.0
2796,33.0
2797,33.0
2798,33.0
2799,33.0
2800,33.0
2801,33.0
2802,33.0
2803,33.0
2804,33.0
2805,33.0
2806,33.0
2807,33.0
2808,33.0
2809,33.0
2810,33.0
2811,33.0
2812,34.0
2813,34.0
2814,34.0
2815,34.0
2816,34.0
2817,34.0
2818,34.0
2819,34.0
2820,34.0
2821,34.0
2822,34.0
2823,34.0
2824,34.0
2825,34.0
2826,34.0
2827,34.0
2828,34.0
2829,34.0
2830,34.0
2831,34.0
2832,34.0
2833,34.0
2834,34.0
2835,34.0
2836,34.0
2837,34.0
2838,35.0
2839,35.0
2840,35.0
2841,35.0
2842,35.0
2843,35.0
2844,35.0
2845,35.0
2846,35.0
2847,35.0
2848,35.0
2849,35.0
2850,35.0
2851,35.0
2852,35.0
2853,35.0
2854,35.0
2855,35.0
2856,35.0
2857,35.0
2858,35.0
2859,35.0
2860,35.0
2861,35.0
2862,35.0
2863,35.0
2864,35.0
2865,35.0
2866,35.0
2867,35.0
2868,35.0
2869,35.0
2870,35.0
2871,35.0
2872,35.0
2873,35.0
2874,35.0
2875,35.0
2876,36.0
2877,36.0
2878,36.0
2879,36.0
2880,36.0
2881,36.0
2882,36.0
2883,36.0
2884,36.0
2885,36.0
2886,36.0
2887,36.0
2888,36.0
2889,36.0
2890,36.0
2891,36.0
2892,36.0
2893,36.0
2894,37.0
2895,37.0
2896,37.0
2897,37.0
2898,37.0
2899,37.0
2900,37.0
2901,37.0
2902,37.0
2903,37.0
2904,37.0
2905,37.0
2906,37.0
2907,37.0
2908,37.0
2909,37.0
2910,37.0
2911,37.0
2912,38.0
2913,38.0
2914,38.0
2915,38.0
2916,38.0
2917,38.0
2918,38.0
2919,38.0
2920,38.0
2921,38.0
2922,38.0
2923,38.0
2924,38.0
2925,38.0
2926,38.0
2927,38.0
2928,38.0
2929,38.0
2930,38.0
2931,38.0
2932,38.0
2933,38.0
2934,38.0
2935,38.0
2936,38.0
2937,38.0
2938,38.0
2939,38.0
2940,38.0
2941,38.0
2942,38.0
2943,38.0
2944,38.0
2945,38.0
2946,38.0
2947,38.0
2948,38.0
2949,38.0
2950,38.0
2951,38.0
2952,38.0
2953,38.0
2954,38.0
2955,38.0
2956,39.0
2957,39.0
2958,39.0
2959,39.0
2960,39.0
2961,39.0
2962,39.0
2963,39.0
2964,39.0
2965,39.0
2966,39.0
2967,39.0
2968,39.0
2969,39.0
2970,39.0
2971,39.0
2972,39.0
2973,39.0
2974,39.0
2975,39.0
2976,39.0
2977,39.0
2978,40.0
2979,40.0
2980,40.0
2981,40.0
2982,40.0
2983,40.0
2984,40.0
2985,40.0
2986,40.0
2987,40.0
2988,40.0
2989,40.0
2990,40.0
2991,40.0
2992,40.0
2993,40.0
2994,40.0
2995,40.0
2996,40.0
2997,40.0
2998,40.0
2999,40.0
3000,41.0
3001,41.0
3002,41.0
3003,41.0
3004,41.0
3005,41.0
3006,41.0
3007,41.0
3008,41.0
3009,41.0
3010,41.0
3011,41.0
3012,41.0
3013,41.0
3014,42.0
3015,42.0
3016,42.0
3017,42.0
3018,42.0
3019,42.0
3020,42.0
3021,42.0
3022,42.0
3023,42.0
3024,42.0
3025,42.0
3026,42.0
3027,42.0
3028,42.0
3029,42.0
3030,42.0
3031,42.0
3032,42.0
3033,42.0
3034,42.0
3035,42.0
3036,42.0
3037,42.0
3038,42.0
3039,42.0
3040,42.0
3041,42.0
3042,42.0
3043,42.0
3044,42.0
3045,42.0
3046,42.0
3047,42.0
3048,42.0
3049,42.0
3050,42.0
3051,42.0
3052,42.0
3053,42.0
3054,42.0
3055,42.0
3056,42.0
3057,42.0
3058,42.0
3059,42.0
3060,42.0
3061,42.0
3062,42.0
3063,42.0
3064,43.0
3065,43.0
3066,43.0
3067,43.0
3068,43.0
3069,43.0
3070,43.0
3071,43.0
3072,43.0
3073,43.0
3074,43.0
3075,43.0
3076,43.0
3077,43.0
3078,43.0
3079,43.0
3080,43.0
3081,43.0
3082,43.0
3083,43.0
3084,43.0
3085,43.0
3086,43.0
3087,43.0
3088,43.0
3089,43.0
3090,44.0
3091,44.0
3092,44.0
3093,44.0
3094,44.0
3095,44.0
3096,44.0
3097,44.0
3098,44.0
3099,44.0
3100,44.0
3101,44.0
3102,44.0
3103,44.0
3104,44.0
3105,44.0
3106,44.0
3107,44.0
3108,44.0
3109,44.0
3110,44.0
3111,44.0
3112,44.0
3113,44.0
3114,44.0
3115,44.0
3116,44.0
3117,44.0
3118,44.0
3119,44.0
3120,44.0
3121,44.0
3122,44.0
3123,44.0
3124,44.0
3125,44.0
3126,44.0
3127,44.0
3128,44.0
3129,44.0
3130,44.0
3131,44.0
3132,44.0
3133,44.0
3134,44.0
3135,44.0
3136,44.0
3137,44.0
3138,44.0
3139,44.0
3140,44.0
3141,44.0
3142,44.0
3143,44.0
3144,44.0
3145,44.0
3146,44.0
3147,44.0
3148,44.0
3149,44.0
3150,44.0
3151,44.0
3152,44.0
3153,44.0
3154,44.0
3155,44.0
3156,44.0
3157,44.0
3158,44.0
3159,44.0
3160,44.0
3161,44.0
3162,44.0
3163,44.0
3164,44.0
3165,44.0
3166,44.0
3167,44.0
3168,45.0
3169,45.0
3170,45.0
3171,45.0
3172,45.0
3173,45.0
3174,45.0
3175,45.0
3176,45.0
3177,45.0
3178,45.0
3179,45.0
3180,45.0
3181,45.0
3182,45.0
3183,45.0
3184,45.0
3185,45.0
3186,45.0
3187,45.0
3188,45.0
3189,45.0
3190,45.0
3191,45.0
3192,45.0
3193,45.0
3194,45.0
3195,45.0
3196,45.0
3197,45.0
3198,45.0
3199,45.0
3200,45.0
3201,45.0
3202,45.0
3203,45.0
3204,45.0
3205,45.0
3206,45.0
3207,45.0
3208,45.0
3209,45.0
3210,45.0
3211,45.0
3212,45.0
3213,46.0
3214,46.0
3215,46.0
3216,46.0
3217,46.0
3218,46.0
3219,46.0
3220,46.0
3221,46.0
3222,46.0
3223,46.0
3224,46.0
3225,46.0
3226,46.0
3227,46.0
3228,46.0
3229,46.0
3230,46.0
3231,46.0
3232,46.0
3233,46.0
3234,46.0
3235,46.0
3236,46.0
3237,46.0
3238,46.0
3239,46.0
3240,46.0
3241,46.0
3242,46.0
3243,46.0
3244,46.0
3245,46.0
3246,46.0
3247,46.0
3248,46.0
3249,46.0
3250,46.0
3251,46.0
3252,46.0
3253,46.0
3254,46.0
3255,46.0
3256,46.0
3257,46.0
3258,46.0
3259,46.0
3260,46.0
3261,46.0
3262,46.0
3263,46.0
3264,46.0
3265,46.0
3266,46.0
3267,46.0
3268,46.0
3269,46.0
3270,46.0
3271,46.0
3272,46.0
3273,47.0
3274,47.0
3275,47.0
3276,47.0
3277,47.0
3278,47.0
3279,47.0
3280,47.0
3281,47.0
3282,47.0
3283,47.0
3284,47.0
3285,47.0
3286,47.0
3287,47.0
3288,47.0
3289,47.0
3290,47.0
3291,47.0
3292,47.0
3293,47.0
3294,47.0
3295,47.0
3296,47.0
3297,47.0
3298,47.0
3299,47.0
3300,47.0
3301,48.0
3302,48.0
3303,48.0
3304,48.0
3305,48.0
3306,48.0
3307,48.0
3308,48.0
3309,48.0
3310,48.0
3311,48.0
3312,48.0
3313,48.0
3314,48.0
3315,48.0
3316,48.0
3317,48.0
3318,48.0
3319,48.0
3320,48.0
3321,48.0
3322,48.0
3323,48.0
3324,48.0
3325,48.0
3326,48.0
3327,48.0
3328,48.0
3329,48.0
3330,48.0
3331,48.0
3332,48.0
3333,49.0
3334,49.0
3335,49.0
3336,49.0
3337,49.0
3338,49.0
3339,49.0
3340,49.0
3341,49.0
3342,49.0
3343,49.0
3344,49.0
3345,49.0
3346,49.0
3347,49.0
3348,49.0
3349,49.0
3350,50.0
3351,50.0
3352,50.0
3353,50.0
3354,50.0
3355,50.0
3356,50.0
3357,50.0
3358,50.0
3359,50.0
3360,50.0
3361,50.0
3362,50.0
3363,50.0
3364,50.0
3365,50.0
3366,50.0
3367,50.0
3368,50.0
3369,50.0
3370,50.0
3371,50.0
3372,50.0
3373,50.0
3374,51.0
3375,51.0
3376,51.0
3377,51.0
3378,51.0
3379,51.0
3380,51.0
3381,51.0
3382,51.0
3383,51.0
3384,51.0
3385,51.0
3386,51.0
3387,51.0
3388,51.0
3389,51.0
3390,51.0
3391,51.0
3392,51.0
3393,51.0
3394,52.0
3395,52.0
3396,52.0
3397,52.0
3398,52.0
3399,52.0
3400,52.0
3401,52.0
3402,52.0
3403,52.0
3404,52.0
3405,52.0
3406,52.0
3407,52.0
3408,52.0
3409,52.0
3410,52.0
3411,52.0
3412,52.0
3413,52.0
3414,53.0
3415,53.0
3416,53.0
3417,53.0
3418,53.0
3419,53.0
3420,53.0
3421,53.0
3422,53.0
3423,53.0
3424,53.0
3425,53.0
3426,53.0
3427,53.0
3428,53.0
3429,53.0
3430,53.0
3431,53.0
3432,53.0
3433,53.0
3434,53.0
3435,53.0
3436,53.0
3437,53.0
3438,53.0
3439,54.0
3440,54.0
3441,54.0
3442,54.0
3443,54.0
3444,54.0
3445,54.0
3446,54.0
3447,54.0
3448,54.0
3449,54.0
3450,54.0
3451,54.0
3452,54.0
3453,54.0
3454,55.0
3455,55.0
3456,55.0
3457,55.0
3458,55.0
3459,55.0
3460,55.0
3461,55.0
3462,55.0
3463,55.0
3464,55.0
3465,55.0
3466,55.0
3467,55.0
3468,55.0
3469,55.0
3470,55.0
3471,55.0
3472,55.0
3473,55.0
3474,55.0
3475,55.0
3476,55.0
3477,55.0
3478,55.0
3479,56.0
3480,56.0
3481,56.0
3482,56.0
3483,56.0
3484,56.0
3485,56.0
3486,56.0
3487,56.0
3488,56.0
3489,56.0
3490,56.0
3491,56.0
3492,56.0
3493,56.0
3494,56.0
3495,56.0
3496,56.0
3497,57.0
3498,57.0
3499,57.0
3500,57.0
3501,57.0
3502,57.0
3503,57.0
3504,57.0
3505,57.0
3506,57.0
3507,57.0
3508,57.0
3509,57.0
3510,57.0
3511,57.0
3512,57.0
3513,57.0
3514,57.0
3515,57.0
3516,57.0
3517,57.0
3518,57.0
3519,57.0
3520,57.0
3521,58.0
3522,58.0
3523,58.0
3524,58.0
3525,58.0
3526,58.0
3527,58.0
3528,58.0
3529,58.0
3530,58.0
3531,58.0
3532,58.0
3533,58.0
3534,58.0
3535,58.0
3536,58.0
3537,58.0
3538,58.0
3539,58.0
3540,58.0
3541,58.0
3542,58.0
3543,58.0
3544,58.0
3545,58.0
3546,58.0
3547,58.0
3548,58.0
3549,59.0
3550,59.0
3551,59.0
3552,59.0
3553,59.0
3554,59.0
3555,59.0
3556,59.0
3557,59.0
3558,59.0
3559,59.0
3560,59.0
3561,59.0
3562,59.0
3563,59.0
3564,59.0
3565,59.0
3566,59.0
3567,59.0
3568,59.0
3569,59.0
3570,59.0
3571,59.0
3572,59.0
3573,59.0
3574,59.0
3575,59.0
3576,60.0
3577,60.0
3578,60.0
3579,60.0
3580,60.0
3581,60.0
3582,60.0
3583,60.0
3584,60.0
3585,60.0
3586,60.0
3587,60.0
3588,60.0
3589,60.0
3590,60.0
3591,60.0
3592,60.0
3593,60.0
3594,60.0
3595,60.0
3596,60.0
3597,60.0
3598,60.0
3599,60.0
3600,60.0
3601,60.0
3602,61.0
3603,61.0
3604,61.0
3605,61.0
3606,61.0
3607,61.0
3608,61.0
3609,61.0
3610,61.0
3611,61.0
3612,61.0
3613,61.0
3614,61.0
3615,61.0
3616,61.0
3617,61.0
3618,61.0
3619,61.0
3620,61.0
3621,61.0
3622,61.0
3623,61.0
3624,61.0
3625,61.0
3626,62.0
3627,62.0
3628,62.0
3629,62.0
3630,62.0
3631,62.0
3632,62.0
3633,62.0
3634,62.0
3635,62.0
3636,62.0
3637,62.0
3638,62.0
3639,62.0
3640,62.0
3641,62.0
3642,62.0
3643,62.0
3644,62.0
3645,62.0
3646,62.0
3647,63.0
3648,63.0
3649,63.0
3650,63.0
3651,63.0
3652,63.0
3653,63.0
3654,63.0
3655,63.0
3656,63.0
3657,63.0
3658,63.0
3659,63.0
3660,63.0
3661,63.0
3662,63.0
3663,63.0
3664,64.0
3665,64.0
3666,64.0
3667,64.0
3668,64.0
3669,64.0
3670,64.0
3671,64.0
3672,64.0
3673,64.0
3674,64.0
3675,64.0
3676,64.0
3677,64.0
3678,64.0
3679,64.0
3680,64.0
3681,64.0
3682,64.0
3683,65.0
3684,65.0
3685,65.0
3686,65.0
3687,65.0
3688,65.0
3689,65.0
3690,65.0
3691,65.0
3692,65.0
3693,65.0
3694,65.0
3695,65.0
3696,65.0
3697,65.0
3698,65.0
3699,65.0
3700,66.0
3701,66.0
3702,66.0
3703,66.0
3704,66.0
3705,66.0
3706,66.0
3707,66.0
3708,66.0
3709,66.0
3710,66.0
3711,66.0
3712,66.0
3713,66.0
3714,66.0
3715,66.0
3716,66.0
3717,66.0
3718,66.0
3719,66.0
3720,66.0
3721,66.0
3722,66.0
3723,66.0
3724,66.0
3725,66.0
3726,66.0
3727,66.0
3728,66.0
3729,66.0
3730,66.0
3731,66.0
3732,66.0
3733,66.0
3734,66.0
3735,66.0
3736,66.0
3737,66.0
3738,66.0
3739,66.0
3740,66.0
3741,66.0
3742,66.0
3743,66.0
3744,66.0
3745,66.0
3746,67.0
3747,67.0
3748,67.0
3749,67.0
3750,67.0
3751,67.0
3752,67.0
3753,67.0
3754,67.0
3755,67.0
3756,67.0
3757,67.0
3758,67.0
3759,67.0
3760,67.0
3761,67.0
3762,67.0
3763,68.0
3764,68.0
3765,68.0
3766,68.0
3767,68.0
3768,68.0
3769,68.0
3770,68.0
3771,68.0
3772,68.0
3773,68.0
3774,68.0
3775,68.0
3776,68.0
3777,68.0
3778,68.0
3779,68.0
3780,68.0
3781,68.0
3782,68.0
3783,68.0
3784,68.0
3785,69.0
3786,69.0
3787,69.0
3788,69.0
3789,69.0
3790,69.0
3791,69.0
3792,69.0
3793,69.0
3794,69.0
3795,69.0
3796,69.0
3797,69.0
3798,69.0
3799,69.0
3800,69.0
3801,70.0
3802,70.0
3803,70.0
3804,70.0
3805,70.0
3806,70.0
3807,70.0
3808,70.0
3809,70.0
3810,70.0
3811,70.0
3812,70.0
3813,70.0
3814,70.0
3815,70.0
3816,70.0
3817,70.0
3818,70.0
3819,70.0
3820,70.0
3821,70.0
3822,70.0
3823,70.0
3824,70.0
3825,70.0
3826,70.0
3827,70.0
3828,70.0
3829,70.0
3830,70.0
3831,70.0
3832,70.0
3833,70.0
3834,70.0
3835,70.0
3836,71.0
3837,71.0
3838,71.0
3839,71.0
3840,71.0
3841,71.0
3842,71.0
3843,71.0
3844,71.0
3845,71.0
3846,71.0
3847,71.0
3848,71.0
3849,71.0
3850,71.0
3851,71.0
3852,71.0
3853,71.0
3854,71.0
3855,71.0
3856,71.0
3857,71.0
3858,71.0
3859,71.0
3860,72.0
3861,72.0
3862,72.0
3863,72.0
3864,72.0
3865,72.0
3866,72.0
3867,72.0
3868,72.0
3869,72.0
3870,72.0
3871,72.0
3872,72.0
3873,72.0
3874,72.0
3875,72.0
3876,72.0
3877,72.0
3878,73.0
3879,73.0
3880,73.0
3881,73.0
3882,73.0
3883,73.0
3884,73.0
3885,73.0
3886,73.0
3887,73.0
3888,73.0
3889,73.0
3890,73.0
3891,73.0
3892,73.0
3893,73.0
3894,74.0
3895,74.0
3896,74.0
3897,74.0
3898,74.0
3899,74.0
3900,74.0
3901,74.0
3902,74.0
3903,74.0
3904,74.0
3905,74.0
3906,74.0
3907,74.0
3908,74.0
3909,74.0
3910,74.0
3911,74.0
3912,74.0
3913,74.0
3914,74.0
3915,74.0
3916,74.0
3917,74.0
3918,74.0
3919,74.0
3920,74.0
3921,74.0
3922,74.0
3923,74.0
3924,74.0
3925,74.0
3926,74.0
3927,74.0
3928,74.0
3929,74.0
3930,74.0
3931,74.0
3932,74.0
3933,74.0
3934,75.0
3935,75.0
3936,75.0
3937,75.0
3938,75.0
3939,75.0
3940,75.0
3941,75.0
3942,75.0
3943,75.0
3944,75.0
3945,75.0
3946,75.0
3947,75.0
3948,75.0
3949,75.0
3950,75.0
3951,75.0
3952,75.0
3953,76.0
3954,76.0
3955,76.0
3956,76.0
3957,76.0
3958,76.0
3959,76.0
3960,76.0
3961,76.0
3962,76.0
3963,76.0
3964,76.0
3965,76.0
3966,76.0
3967,76.0
3968,76.0
3969,76.0
3970,76.0
3971,76.0
3972,77.0
3973,77.0
3974,77.0
3975,77.0
3976,77.0
3977,77.0
3978,77.0
3979,77.0
3980,77.0
3981,77.0
3982,77.0
3983,77.0
3984,77.0
3985,77.0
3986,77.0
3987,77.0
3988,77.0
3989,77.0
3990,77.0
3991,77.0
3992,77.0
3993,77.0
3994,77.0
3995,77.0
3996,77.0
3997,77.0
3998,77.0
3999,77.0
4000,77.0
4001,77.0
4002,77.0
4003,77.0
4004,77.0
4005,78.0
4006,78.0
4007,78.0
4008,78.0
4009,78.0
4010,78.0
4011,78.0
4012,78.0
4013,78.0
4014,78.0
4015,78.0
4016,78.0
4017,78.0
4018,78.0
4019,78.0
4020,78.0
4021,78.0
4022,78.0
4023,78.0
4024,78.0
4025,78.0
4026,78.0
4027,78.0
4028,78.0
4029,79.0
4030,79.0
4031,79.0
4032,79.0
4033,79.0
4034,79.0
4035,79.0
4036,79.0
4037,79.0
4038,79.0
4039,79.0
4040,79.0
4041,79.0
4042,79.0
4043,79.0
4044,79.0
4045,79.0
4046,79.0
4047,79.0
4048,79.0
4049,79.0
4050,79.0
4051,79.0
4052,79.0
4053,79.0
4054,79.0
4055,79.0
4056,79.0
4057,79.0
4058,79.0
4059,79.0
4060,79.0
4061,80.0
4062,80.0
4063,80.0
4064,80.0
4065,80.0
4066,80.0
4067,80.0
4068,80.0
4069,80.0
4070,80.0
4071,80.0
4072,80.0
4073,80.0
4074,80.0
4075,80.0
4076,80.0
4077,80.0
4078,80.0
4079,80.0
4080,80.0
4081,80.0
4082,80.0
4083,80.0
4084,81.0
4085,81.0
4086,81.0
4087,81.0
4088,81.0
4089,81.0
4090,81.0
4091,81.0
4092,81.0
4093,81.0
4094,81.0
4095,81.0
4096,81.0
4097,81.0
4098,81.0
4099,81.0
4100,81.0
4101,81.0
4102,81.0
4103,82.0
4104,82.0
4105,82.0
4106,82.0
4107,82.0
4108,82.0
4109,82.0
4110,82.0
4111,82.0
4112,82.0
4113,82.0
4114,82.0
4115,82.0
4116,82.0
4117,82.0
4118,82.0
4119,83.0
4120,83.0
4121,83.0
4122,83.0
4123,83.0
4124,83.0
4125,83.0
4126,83.0
4127,83.0
4128,83.0
4129,83.0
4130,83.0
4131,83.0
4132,83.0
4133,83.0
4134,83.0
4135,83.0
4136,83.0
4137,83.0
4138,83.0
4139,83.0
4140,83.0
4141,83.0
4142,83.0
4143,83.0
4144,83.0
4145,83.0
4146,83.0
4147,83.0
4148,83.0
4149,83.0
4150,83.0
4151,83.0
4152,83.0
4153,83.0
4154,83.0
4155,83.0
4156,83.0
4157,83.0
4158,83.0
4159,83.0
4160,83.0
4161,84.0
4162,84.0
4163,84.0
4164,84.0
4165,84.0
4166,84.0
4167,84.0
4168,84.0
4169,84.0
4170,84.0
4171,84.0
4172,84.0
4173,84.0
4174,84.0
4175,84.0
4176,84.0
4177,84.0
4178,84.0
4179,84.0
4180,84.0
4181,84.0
4182,84.0
4183,84.0
4184,85.0
4185,85.0
4186,85.0
4187,85.0
4188,85.0
4189,85.0
4190,85.0
4191,85.0
4192,85.0
4193,85.0
4194,85.0
4195,85.0
4196,85.0
4197,85.0
4198,85.0
4199,85.0
4200,85.0
4201,85.0
4202,85.0
4203,85.0
4204,85.0
4205,85.0
4206,86.0
4207,86.0
4208,86.0
4209,86.0
4210,86.0
4211,86.0
4212,86.0
4213,86.0
4214,86.0
4215,86.0
4216,86.0
4217,86.0
4218,86.0
4219,86.0
4220,86.0
4221,86.0
4222,86.0
4223,86.0
4224,86.0
4225,86.0
4226,86.0
4227,86.0
4228,87.0
4229,87.0
4230,87.0
4231,87.0
4232,87.0
4233,87.0
4234,87.0
4235,87.0
4236,87.0
4237,87.0
4238,87.0
4239,87.0
4240,87.0
4241,87.0
4242,88.0
4243,88.0
4244,88.0
4245,88.0
4246,88.0
4247,88.0
4248,88.0
4249,88.0
4250,88.0
4251,88.0
4252,88.0
4253,88.0
4254,88.0
4255,88.0
4256,88.0
4257,88.0
4258,89.0
4259,89.0
4260,89.0
4261,89.0
4262,89.0
4263,89.0
4264,89.0
4265,89.0
4266,89.0
4267,89.0
4268,89.0
4269,89.0
4270,89.0
4271,89.0
4272,89.0
4273,89.0
4274,89.0
4275,89.0
4276,89.0
4277,89.0
4278,90.0
4279,90.0
4280,90.0
4281,90.0
4282,90.0
4283,90.0
4284,90.0
4285,90.0
4286,90.0
4287,90.0
4288,90.0
4289,90.0
4290,90.0
4291,90.0
4292,90.0
4293,90.0
4294,90.0
4295,90.0
4296,90.0
4297,90.0
4298,91.0
4299,91.0
4300,91.0
4301,91.0
4302,91.0
4303,91.0
4304,91.0
4305,91.0
4306,91.0
4307,91.0
4308,91.0
4309,91.0
4310,91.0
4311,91.0
4312,91.0
4313,91.0
4314,91.0
4315,91.0
4316,91.0
4317,91.0
4318,91.0
4319,91.0
4320,92.0
4321,92.0
4322,92.0
4323,92.0
4324,92.0
4325,92.0
4326,92.0
4327,92.0
4328,92.0
4329,92.0
4330,92.0
4331,92.0
4332,92.0
4333,92.0
4334,92.0
4335,92.0
4336,93.0
4337,93.0
4338,93.0
4339,93.0
4340,93.0
4341,93.0
4342,93.0
4343,93.0
4344,93.0
4345,93.0
4346,93.0
4347,93.0
4348,93.0
4349,93.0
4350,93.0
4351,93.0
4352,93.0
4353,93.0
4354,93.0
4355,93.0
4356,94.0
4357,94.0
4358,94.0
4359,94.0
4360,94.0
4361,94.0
4362,94.0
4363,94.0
4364,94.0
4365,94.0
4366,94.0
4367,94.0
4368,94.0
4369,94.0
4370,94.0
4371,94.0
4372,94.0
4373,94.0
4374,94.0
4375,94.0
4376,94.0
4377,95.0
4378,95.0
4379,95.0
4380,95.0
4381,95.0
4382,95.0
4383,95.0
4384,95.0
4385,95.0
4386,95.0
4387,95.0
4388,95.0
4389,95.0
4390,95.0
4391,95.0
4392,95.0
4393,96.0
4394,96.0
4395,96.0
4396,96.0
4397,96.0
4398,96.0
4399,96.0
4400,96.0
4401,96.0
4402,96.0
4403,96.0
4404,96.0
4405,96.0
4406,96.0
4407,96.0
4408,96.0
4409,96.0
4410,96.0
4411,97.0
4412,97.0
4413,97.0
4414,97.0
4415,97.0
4416,97.0
4417,97.0
4418,97.0
4419,97.0
4420,97.0
4421,97.0
4422,97.0
4423,97.0
4424,97.0
4425,97.0
4426,97.0
4427,97.0
4428,97.0
4429,97.0
4430,97.0
4431,97.0
4432,98.0
4433,98.0
4434,98.0
4435,98.0
4436,98.0
4437,98.0
4438,98.0
4439,98.0
4440,98.0
4441,98.0
4442,98.0
4443,98.0
4444,98.0
4445,98.0
4446,98.0
4447,98.0
4448,98.0
4449,98.0
4450,98.0
4451,98.0
4452,98.0
4453,98.0
4454,99.0
4455,99.0
4456,99.0
4457,99.0
4458,99.0
4459,99.0
4460,99.0
4461,99.0
4462,99.0
4463,99.0
4464,99.0
4465,99.0
4466,99.0
4467,99.0
4468,99.0
4469,99.0
4470,99.0
4471,99.0
4472,99.0
4473,100.0
4474,100.0
4475,100.0
4476,100.0
4477,100.0
4478,100.0
4479,100.0
4480,100.0
4481,100.0
4482,100.0
4483,100.0
4484,100.0
4485,100.0
4486,100.0
4487,100.0
4488,100.0
4489,100.0
4490,100.0
4491,100.0
4492,100.0
4493,100.0
4494,100.0
4495,100.0
4496,100.0
4497,100.0
4498,100.0
4499,100.0
4500,100.0
4501,101.0
4502,101.0
4503,101.0
4504,101.0
4505,101.0
4506,101.0
4507,101.0
4508,101.0
4509,101.0
4510,101.0
4511,101.0
4512,101.0
4513,101.0
4514,101.0
4515,101.0
4516,101.0
4517,101.0
4518,102.0
4519,102.0
4520,102.0
4521,102.0
4522,102.0
4523,102.0
4524,102.0
4525,102.0
4526,102.0
4527,102.0
4528,102.0
4529,102.0
4530,102.0
4531,102.0
4532,102.0
4533,103.0
4534,103.0
4535,103.0
4536,103.0
4537,103.0
4538,103.0
4539,103.0
4540,103.0
4541,103.0
4542,103.0
4543,103.0
4544,103.0
4545,103.0
4546,103.0
4547,103.0
4548,103.0
4549,103.0
4550,103.0
4551,104.0
4552,104.0
4553,104.0
4554,104.0
4555,104.0
4556,104.0
4557,104.0
4558,104.0
4559,104.0
4560,104.0
4561,104.0
4562,104.0
4563,104.0
4564,104.0
4565,104.0
4566,104.0
4567,104.0
4568,104.0
4569,104.0
4570,104.0
4571,104.0
4572,104.0
4573,104.0
4574,104.0
4575,104.0
4576,104.0
4577,104.0
4578,104.0
4579,104.0
4580,104.0
4581,104.0
4582,104.0
4583,104.0
4584,104.0
4585,104.0
4586,104.0
4587,104.0
4588,104.0
4589,104.0
4590,105.0
4591,105.0
4592,105.0
4593,105.0
4594,105.0
4595,105.0
4596,105.0
4597,105.0
4598,105.0
4599,105.0
4600,105.0
4601,105.0
4602,105.0
4603,105.0
4604,105.0
4605,105.0
4606,105.0
4607,105.0
4608,105.0
4609,105.0
4610,105.0
4611,105.0
4612,105.0
4613,105.0
4614,105.0
4615,105.0
4616,105.0
4617,105.0
4618,105.0
4619,105.0
4620,105.0
4621,105.0
4622,105.0
4623,105.0
4624,105.0
4625,105.0
4626,105.0
4627,106.0
4628,106.0
4629,106.0
4630,106.0
4631,106.0
4632,106.0
4633,106.0
4634,106.0
4635,106.0
4636,106.0
4637,106.0
4638,106.0
4639,106.0
4640,106.0
4641,106.0
4642,106.0
4643,107.0
4644,107.0
4645,107.0
4646,107.0
4647,107.0
4648,107.0
4649,107.0
4650,108.0
4651,108.0
4652,108.0
4653,108.0
4654,108.0
4655,108.0
4656,108.0
4657,108.0
4658,109.0
4659,109.0
4660,109.0
4661,109.0
4662,109.0
4663,109.0
4664,109.0
4665,109.0
4666,109.0
4667,109.0
4668,109.0
4669,109.0
4670,109.0
4671,109.0
4672,109.0
4673,109.0
4674,109.0
4675,109.0
4676,110.0
4677,110.0
4678,110.0
4679,110.0
4680,110.0
4681,110.0
4682,110.0
4683,110.0
4684,110.0
4685,110.0
4686,110.0
4687,110.0
4688,110.0
4689,110.0
4690,110.0
4691,110.0
4692,111.0
4693,111.0
4694,111.0
4695,111.0
4696,111.0
4697,111.0
4698,111.0
4699,111.0
4700,111.0
4701,111.0
4702,111.0
4703,111.0
4704,111.0
4705,111.0
4706,111.0
4707,111.0
4708,111.0
4709,111.0
4710,111.0
4711,111.0
4712,111.0
4713,111.0
4714,111.0
4715,111.0
4716,111.0
4717,111.0
4718,111.0
4719,111.0
4720,111.0
4721,111.0
4722,111.0
4723,112.0
4724,112.0
4725,112.0
4726,112.0
4727,112.0
4728,112.0
4729,112.0
4730,112.0
4731,112.0
4732,112.0
4733,112.0
4734,112.0
4735,112.0
4736,112.0
4737,112.0
4738,112.0
4739,112.0
4740,113.0
4741,113.0
4742,113.0
4743,113.0
4744,113.0
4745,113.0
4746,113.0
4747,113.0
4748,113.0
4749,113.0
4750,113.0
4751,113.0
4752,113.0
4753,113.0
4754,113.0
4755,114.0
4756,114.0
4757,114.0
4758,114.0
4759,114.0
4760,114.0
4761,114.0
4762,114.0
4763,114.0
4764,114.0
4765,114.0
4766,114.0
4767,114.0
4768,114.0
4769,114.0
4770,114.0
4771,114.0
4772,114.0
4773,115.0
4774,115.0
4775,115.0
4776,115.0
4777,115.0
4778,115.0
4779,115.0
4780,115.0
4781,115.0
4782,115.0
4783,115.0
4784,115.0
4785,115.0
4786,115.0
4787,115.0
4788,115.0
4789,115.0
4790,115.0
4791,115.0
4792,115.0
4793,115.0
4794,116.0
4795,116.0
4796,116.0
4797,116.0
4798,116.0
4799,116.0
4800,116.0
4801,116.0
4802,116.0
4803,116.0
4804,116.0
4805,116.0
4806,116.0
4807,116.0
4808,116.0
4809,116.0
4810,117.0
4811,117.0
4812,117.0
4813,117.0
4814,117.0
4815,117.0
4816,117.0
4817,117.0
4818,117.0
4819,118.0
4820,118.0
4821,118.0
4822,118.0
4823,118.0
4824,118.0
4825,118.0
4826,118.0
4827,119.0
4828,119.0
4829,119.0
4830,119.0
4831,119.0
4832,119.0
4833,119.0
4834,119.0
4835,119.0
4836,120.0
4837,120.0
4838,120.0
4839,120.0
4840,120.0
4841,120.0
4842,120.0
4843,120.0
4844,120.0
4845,120.0
4846,121.0
4847,121.0
4848,121.0
4849,121.0
4850,121.0
4851,121.0
4852,121.0
4853,121.0
4854,121.0
4855,121.0
4856,121.0
4857,121.0
4858,121.0
4859,121.0
4860,121.0
4861,122.0
4862,122.0
4863,122.0
4864,122.0
4865,122.0
4866,122.0
4867,122.0
4868,122.0
4869,122.0
4870,123.0
4871,123.0
4872,123.0
4873,123.0
4874,123.0
4875,123.0
4876,123.0
4877,123.0
4878,123.0
4879,123.0
4880,123.0
4881,124.0
4882,124.0
4883,124.0
4884,124.0
4885,124.0
4886,124.0
4887,124.0
4888,124.0
4889,124.0
4890,124.0
4891,124.0
4892,124.0
4893,124.0
4894,124.0
4895,124.0
4896,124.0
4897,124.0
4898,124.0
4899,124.0
4900,124.0
4901,124.0
4902,124.0
4903,124.0
4904,124.0
4905,124.0
4906,125.0
4907,125.0
4908,125.0
4909,125.0
4910,125.0
4911,125.0
4912,125.0
4913,125.0
4914,126.0
4915,126.0
4916,126.0
4917,126.0
4918,126.0
4919,126.0
4920,126.0
4921,126.0
4922,126.0
4923,126.0
4924,126.0
4925,126.0
4926,126.0
4927,126.0
4928,126.0
4929,126.0
4930,127.0
4931,127.0
4932,127.0
4933,127.0
4934,127.0
4935,127.0
4936,127.0
4937,127.0
4938,128.0
4939,128.0
4940,128.0
4941,128.0
4942,128.0
4943,128.0
4944,128.0
4945,128.0
4946,128.0
4947,128.0
4948,128.0
4949,128.0
4950,128.0
4951,128.0
4952,129.0
4953,129.0
4954,129.0
4955,129.0
4956,129.0
4957,129.0
4958,129.0
4959,129.0
4960,129.0
4961,129.0
4962,130.0
4963,130.0
4964,130.0
4965,130.0
4966,130.0
4967,130.0
4968,130.0
4969,130.0
4970,130.0
4971,130.0
4972,130.0
4973,130.0
4974,130.0
4975,130.0
4976,131.0
4977,131.0
4978,131.0
4979,131.0
4980,131.0
4981,131.0
4982,131.0
4983,131.0
4984,132.0
4985,132.0
4986,132.0
4987,132.0
4988,132.0
4989,132.0
4990,132.0
4991,132.0
4992,133.0
4993,133.0
4994,133.0
4995,133.0
4996,133.0
4997,133.0
4998,133.0
4999,133.0
5000,134.0
5001,134.0
5002,134.0
5003,134.0
5004,134.0
5005,134.0
5006,134.0
5007,134.0
5008,134.0
5009,134.0
5010,135.0
5011,135.0
5012,135.0
5013,135.0
5014,135.0
5015,135.0
5016,135.0
5017,135.0
5018,136.0
5019,136.0
5020,136.0
5021,136.0
5022,136.0
5023,136.0
5024,136.0
5025,136.0
5026,137.0
5027,137.0
5028,137.0
5029,137.0
5030,137.0
5031,137.0
5032,137.0
5033,137.0
5034,137.0
5035,137.0
5036,137.0
5037,137.0
5038,137.0
5039,137.0
5040,137.0
5041,137.0
5042,137.0
5043,137.0
5044,137.0
5045,137.0
5046,137.0
5047,137.0
5048,137.0
5049,138.0
5050,138.0
5051,138.0
5052,138.0
5053,138.0
5054,138.0
5055,138.0
5056,138.0
5057,138.0
5058,138.0
5059,138.0
5060,138.0
5061,139.0
5062,139.0
5063,139.0
5064,139.0
5065,139.0
5066,139.0
5067,139.0
5068,139.0
5069,139.0
5070,139.0
5071,140.0
5072,140.0
5073,140.0
5074,140.0
5075,140.0
5076,140.0
5077,140.0
5078,141.0
5079,141.0
5080,141.0
5081,141.0
5082,141.0
5083,141.0
5084,141.0
5085,141.0
5086,141.0
5087,141.0
5088,141.0
5089,141.0
5090,141.0
5091,141.0
5092,141.0
5093,141.0
5094,141.0
5095,141.0
5096,141.0
5097,141.0
5098,141.0
5099,141.0
5100,141.0
5101,142.0
5102,142.0
5103,142.0
5104,142.0
5105,142.0
5106,142.0
5107,142.0
5108,142.0
5109,142.0
5110,142.0
5111,142.0
5112,143.0
5113,143.0
5114,143.0
5115,143.0
5116,143.0
5117,143.0
5118,143.0
5119,143.0
5120,143.0
5121,143.0
5122,144.0
5123,144.0
5124,144.0
5125,144.0
5126,144.0
5127,144.0
5128,144.0
5129,144.0
5130,145.0
5131,145.0
5132,145.0
5133,145.0
5134,145.0
5135,145.0
5136,145.0
5137,145.0
5138,146.0
5139,146.0
5140,146.0
5141,146.0
5142,146.0
5143,146.0
5144,146.0
5145,146.0
5146,147.0
5147,147.0
5148,147.0
5149,147.0
5150,147.0
5151,147.0
5152,147.0
5153,147.0
5154,147.0
5155,147.0
5156,148.0
5157,148.0
5158,148.0
5159,148.0
5160,148.0
5161,148.0
5162,148.0
5163,148.0
5164,148.0
5165,148.0
5166,149.0
5167,149.0
5168,149.0
5169,149.0
5170,149.0
5171,149.0
5172,149.0
5173,149.0
5174,149.0
5175,149.0
5176,149.0
5177,149.0
5178,149.0
5179,149.0
5180,149.0
5181,149.0
5182,149.0
5183,149.0
5184,149.0
5185,149.0
5186,149.0
5187,150.0
5188,150.0
5189,150.0
5190,150.0
5191,150.0
5192,150.0
5193,150.0
5194,150.0
5195,151.0
5196,151.0
5197,151.0
5198,151.0
5199,151.0
5200,151.0
5201,151.0
5202,151.0
5203,151.0
5204,151.0
5205,151.0
5206,151.0
5207,151.0
5208,151.0
5209,151.0
5210,152.0
5211,152.0
5212,152.0
5213,152.0
5214,152.0
5215,152.0
5216,152.0
5217,152.0
5218,153.0
5219,153.0
5220,153.0
5221,153.0
5222,153.0
5223,153.0
5224,153.0
5225,153.0
5226,153.0
5227,153.0
5228,153.0
5229,153.0
5230,153.0
5231,153.0
5232,153.0
5233,154.0
5234,154.0
5235,154.0
5236,154.0
5237,154.0
5238,154.0
5239,154.0
5240,154.0
5241,154.0
5242,155.0
5243,155.0
5244,155.0
5245,155.0
5246,155.0
5247,155.0
5248,155.0
5249,155.0
5250,156.0
5251,156.0
5252,156.0
5253,156.0
5254,156.0
5255,156.0
5256,156.0
5257,156.0
5258,157.0
5259,157.0
5260,157.0
5261,157.0
5262,157.0
5263,157.0
5264,157.0
5265,157.0
5266,157.0
5267,157.0
5268,157.0
5269,157.0
5270,157.0
5271,157.0
5272,157.0
5273,158.0
5274,158.0
5275,158.0
5276,158.0
5277,158.0
5278,158.0
5279,158.0
5280,158.0
5281,158.0
5282,159.0
5283,159.0
5284,159.0
5285,159.0
5286,159.0
5287,159.0
5288,159.0
5289,159.0
5290,160.0
5291,160.0
5292,160.0
5293,160.0
5294,160.0
5295,160.0
5296,160.0
5297,160.0
5298,160.0
5299,160.0
5300,160.0
5301,161.0
5302,161.0
5303,161.0
5304,161.0
5305,161.0
5306,161.0
5307,161.0
5308,161.0
5309,161.0
5310,161.0
5311,161.0
5312,161.0
5313,161.0
5314,161.0
5315,161.0
5316,161.0
5317,162.0
5318,162.0
5319,162.0
5320,162.0
5321,162.0
5322,162.0
5323,162.0
5324,162.0
5325,163.0
5326,163.0
5327,163.0
5328,163.0
5329,163.0
5330,163.0
5331,163.0
5332,163.0
5333,163.0
5334,163.0
5335,163.0
5336,163.0
5337,163.0
5338,163.0
5339,163.0
5340,163.0
5341,163.0
5342,164.0
5343,164.0
5344,164.0
5345,164.0
5346,164.0
5347,164.0
5348,164.0
5349,164.0
5350,164.0
5351,164.0
5352,164.0
5353,165.0
5354,165.0
5355,165.0
5356,165.0
5357,165.0
5358,165.0
5359,165.0
5360,165.0
5361,165.0
5362,165.0
5363,166.0
5364,166.0
5365,166.0
5366,166.0
5367,166.0
5368,166.0
5369,166.0
5370,166.0
5371,167.0
5372,167.0
5373,167.0
5374,167.0
5375,167.0
5376,167.0
5377,167.0
5378,167.0
5379,167.0
5380,167.0
5381,167.0
5382,167.0
5383,167.0
5384,167.0
5385,167.0
5386,168.0
5387,168.0
5388,168.0
5389,168.0
5390,168.0
5391,168.0
5392,168.0
5393,168.0
5394,169.0
5395,169.0
5396,169.0
5397,169.0
5398,169.0
5399,169.0
5400,169.0
5401,169.0
5402,170.0
5403,170.0
5404,170.0
5405,170.0
5406,170.0
5407,170.0
5408,170.0
5409,170.0
5410,171.0
5411,171.0
5412,171.0
5413,171.0
5414,171.0
5415,171.0
5416,171.0
5417,171.0
5418,172.0
5419,172.0
5420,172.0
5421,172.0
5422,172.0
5423,172.0
5424,172.0
5425,172.0
5426,172.0
5427,172.0
5428,172.0
5429,173.0
5430,173.0
5431,173.0
5432,173.0
5433,173.0
5434,173.0
5435,173.0
5436,173.0
5437,174.0
5438,174.0
5439,174.0
5440,174.0
5441,174.0
5442,174.0
5443,174.0
5444,174.0
5445,174.0
5446,174.0
5447,174.0
5448,174.0
5449,174.0
5450,175.0
5451,175.0
5452,175.0
5453,175.0
5454,175.0
5455,175.0
5456,175.0
5457,175.0
5458,175.0
5459,175.0
5460,175.0
5461,175.0
5462,175.0
5463,176.0
5464,176.0
5465,176.0
5466,176.0
5467,176.0
5468,176.0
5469,176.0
5470,176.0
5471,176.0
5472,177.0
5473,177.0
5474,177.0
5475,177.0
5476,177.0
5477,177.0
5478,177.0
5479,177.0
5480,178.0
5481,178.0
5482,178.0
5483,178.0
5484,178.0
5485,178.0
5486,178.0
5487,178.0
5488,178.0
5489,179.0
5490,179.0
5491,179.0
5492,179.0
5493,179.0
5494,179.0
5495,179.0
5496,179.0
5497,180.0
5498,180.0
5499,180.0
5500,180.0
5501,180.0
5502,180.0
5503,180.0
5504,180.0
5505,180.0
5506,180.0
5507,180.0
5508,180.0
5509,180.0
5510,180.0
5511,180.0
5512,180.0
5513,180.0
5514,180.0
5515,180.0
5516,180.0
5517,180.0
5518,180.0
5519,180.0
5520,180.0
5521,180.0
5522,180.0
5523,180.0
5524,180.0
5525,180.0
5526,180.0
5527,181.0
5528,181.0
5529,181.0
5530,181.0
5531,181.0
5532,181.0
5533,181.0
5534,181.0
5535,181.0
5536,181.0
5537,182.0
5538,182.0
5539,182.0
5540,182.0
5541,182.0
5542,182.0
5543,182.0
5544,182.0
5545,183.0
5546,183.0
5547,183.0
5548,183.0
5549,183.0
5550,183.0
5551,183.0
5552,183.0
5553,184.0
5554,184.0
5555,184.0
5556,184.0
5557,184.0
5558,184.0
5559,184.0
5560,184.0
5561,184.0
5562,184.0
5563,185.0
5564,185.0
5565,185.0
5566,185.0
5567,185.0
5568,185.0
5569,185.0
5570,185.0
5571,186.0
5572,186.0
5573,186.0
5574,186.0
5575,186.0
5576,186.0
5577,186.0
5578,186.0
5579,187.0
5580,187.0
5581,187.0
5582,187.0
5583,187.0
5584,187.0
5585,187.0
5586,187.0
5587,187.0
5588,187.0
5589,187.0
5590,188.0
5591,188.0
5592,188.0
5593,188.0
5594,188.0
5595,188.0
5596,188.0
5597,188.0
5598,189.0
5599,189.0
5600,189.0
5601,189.0
5602,189.0
5603,189.0
5604,189.0
5605,189.0
5606,190.0
5607,190.0
5608,190.0
5609,190.0
5610,190.0
5611,190.0
5612,190.0
5613,190.0
5614,191.0
5615,191.0
5616,191.0
5617,191.0
5618,191.0
5619,191.0
5620,191.0
5621,191.0
5622,191.0
5623,192.0
5624,192.0
5625,192.0
5626,192.0
5627,192.0
5628,192.0
5629,192.0
5630,192.0
5631,192.0
5632,192.0
5633,192.0
5634,192.0
5635,192.0
5636,193.0
5637,193.0
5638,193.0
5639,193.0
5640,193.0
5641,193.0
5642,193.0
5643,193.0
5644,193.0
5645,193.0
5646,193.0
5647,193.0
5648,193.0
5649,193.0
5650,193.0
5651,193.0
5652,193.0
5653,193.0
5654,193.0
5655,194.0
5656,194.0
5657,194.0
5658,194.0
5659,194.0
5660,194.0
5661,194.0
5662,194.0
5663,195.0
5664,195.0
5665,195.0
5666,195.0
5667,195.0
5668,195.0
5669,195.0
5670,195.0
5671,196.0
5672,196.0
5673,196.0
5674,196.0
5675,196.0
5676,196.0
5677,196.0
5678,196.0
5679,196.0
5680,196.0
5681,196.0
5682,197.0
5683,197.0
5684,197.0
5685,197.0
5686,197.0
5687,197.0
5688,197.0
5689,197.0
5690,197.0
5691,197.0
5692,197.0
5693,197.0
5694,197.0
5695,197.0
5696,197.0
5697,197.0
5698,197.0
5699,198.0
5700,198.0
5701,198.0
5702,198.0
5703,198.0
5704,198.0
5705,198.0
5706,198.0
5707,198.0
5708,198.0
5709,199.0
5710,199.0
5711,199.0
5712,199.0
5713,199.0
5714,199.0
5715,199.0
5716,199.0
5717,199.0
5718,199.0
5719,199.0
5720,199.0
5721,199.0
5722,199.0
5723,200.0
5724,200.0
5725,200.0
5726,200.0
5727,200.0
5728,200.0
5729,200.0
5730,200.0
5731,201.0
5732,201.0
5733,201.0
5734,201.0
5735,201.0
5736,201.0
5737,201.0
5738,201.0
5739,202.0
5740,202.0
5741,202.0
5742,202.0
5743,202.0
5744,202.0
5745,202.0
5746,202.0
5747,203.0
5748,203.0
5749,203.0
5750,203.0
5751,203.0
5752,203.0
5753,203.0
5754,203.0
5755,204.0
5756,204.0
5757,204.0
5758,204.0
5759,204.0
5760,204.0
5761,204.0
5762,204.0
5763,204.0
5764,204.0
5765,205.0
5766,205.0
5767,205.0
5768,205.0
5769,205.0
5770,205.0
5771,205.0
5772,205.0
5773,206.0
5774,206.0
5775,206.0
5776,206.0
5777,206.0
5778,206.0
5779,206.0
5780,206.0
5781,206.0
5782,206.0
5783,207.0
5784,207.0
5785,207.0
5786,207.0
5787,207.0
5788,207.0
5789,207.0
5790,207.0
5791,208.0
5792,208.0
5793,208.0
5794,208.0
5795,208.0
5796,208.0
5797,208.0
5798,208.0
5799,208.0
5800,208.0
5801,208.0
5802,208.0
5803,208.0
5804,208.0
5805,208.0
5806,208.0
5807,208.0
5808,208.0
5809,208.0
5810,209.0
5811,209.0
5812,209.0
5813,209.0
5814,209.0
5815,209.0
5816,209.0
5817,209.0
5818,210.0
5819,210.0
5820,210.0
5821,210.0
5822,210.0
5823,210.0
5824,210.0
5825,210.0
5826,210.0
5827,210.0
5828,211.0
5829,211.0
5830,211.0
5831,211.0
5832,211.0
5833,211.0
5834,211.0
5835,211.0
5836,212.0
5837,212.0
5838,212.0
5839,212.0
5840,212.0
5841,212.0
5842,212.0
5843,212.0
5844,212.0
5845,212.0
5846,212.0
5847,212.0
5848,212.0
5849,212.0
5850,212.0
5851,212.0
5852,213.0
5853,213.0
5854,213.0
5855,213.0
5856,213.0
5857,213.0
5858,213.0
5859,213.0
5860,213.0
5861,213.0
5862,213.0
5863,213.0
5864,213.0
5865,213.0
5866,213.0
5867,213.0
5868,213.0
5869,213.0
5870,213.0
5871,213.0
5872,214.0
5873,214.0
5874,214.0
5875,214.0
5876,214.0
5877,214.0
5878,214.0
5879,214.0
5880,215.0
5881,215.0
5882,215.0
5883,215.0
5884,215.0
5885,215.0
5886,215.0
5887,215.0
5888,215.0
5889,215.0
5890,215.0
5891,216.0
5892,216.0
5893,216.0
5894,216.0
5895,216.0
5896,216.0
5897,216.0
5898,216.0
5899,216.0
5900,217.0
5901,217.0
5902,217.0
5903,217.0
5904,217.0
5905,217.0
5906,217.0
5907,217.0
5908,218.0
5909,218.0
5910,218.0
5911,218.0
5912,218.0
5913,218.0
5914,218.0
5915,218.0
5916,219.0
5917,219.0
5918,219.0
5919,219.0
5920,219.0
5921,219.0
5922,219.0
5923,219.0
5924,219.0
5925,220.0
5926,220.0
5927,220.0
5928,220.0
5929,220.0
5930,220.0
5931,220.0
5932,220.0
5933,221.0
5934,221.0
5935,221.0
5936,221.0
5937,221.0
5938,221.0
5939,221.0
5940,221.0
5941,222.0
5942,222.0
5943,222.0
5944,222.0
5945,222.0
5946,222.0
5947,222.0
5948,222.0
5949,223.0
5950,223.0
5951,223.0
5952,223.0
5953,223.0
5954,223.0
5955,223.0
5956,223.0
5957,224.0
5958,224.0
5959,224.0
5960,224.0
5961,224.0
5962,224.0
5963,224.0
5964,224.0
5965,224.0
5966,224.0
5967,224.0
5968,224.0
5969,225.0
5970,225.0
5971,225.0
5972,225.0
5973,225.0
5974,225.0
5975,225.0
5976,225.0
5977,225.0
5978,225.0
5979,225.0
5980,225.0
5981,225.0
5982,226.0
5983,226.0
5984,226.0
5985,226.0
5986,226.0
5987,226.0
5988,226.0
5989,226.0
5990,227.0
5991,227.0
5992,227.0
5993,227.0
5994,227.0
5995,227.0
5996,227.0
5997,227.0
5998,227.0
5999,228.0
6000,228.0
6001,228.0
6002,228.0
6003,228.0
6004,228.0
6005,228.0
6006,228.0
6007,228.0
6008,228.0
6009,228.0
6010,229.0
6011,229.0
6012,229.0
6013,229.0
6014,229.0
6015,229.0
6016,229.0
6017,229.0
6018,229.0
6019,230.0
6020,230.0
6021,230.0
6022,230.0
6023,230.0
6024,230.0
6025,230.0
6026,230.0
6027,231.0
6028,231.0
6029,231.0
6030,231.0
6031,231.0
6032,231.0
6033,231.0
6034,231.0
6035,232.0
6036,232.0
6037,232.0
6038,232.0
6039,232.0
6040,232.0
6041,232.0
6042,232.0
6043,233.0
6044,233.0
6045,233.0
6046,233.0
6047,233.0
6048,233.0
6049,233.0
6050,233.0
6051,234.0
6052,234.0
6053,234.0
6054,234.0
6055,234.0
6056,234.0
6057,234.0
6058,234.0
6059,235.0
6060,235.0
6061,235.0
6062,235.0
6063,235.0
6064,235.0
6065,235.0
6066,235.0
6067,235.0
6068,236.0
6069,236.0
6070,236.0
6071,236.0
6072,236.0
6073,236.0
6074,236.0
6075,236.0
6076,236.0
6077,236.0
6078,236.0
6079,236.0
6080,236.0
6081,236.0
6082,236.0
6083,236.0
6084,237.0
6085,237.0
6086,237.0
6087,237.0
6088,237.0
6089,237.0
6090,237.0
6091,237.0
6092,237.0
6093,238.0
6094,238.0
6095,238.0
6096,238.0
6097,238.0
6098,238.0
6099,238.0
6100,238.0
6101,239.0
6102,239.0
6103,239.0
6104,239.0
6105,239.0
6106,239.0
6107,239.0
6108,239.0
6109,239.0
6110,239.0
6111,239.0
6112,239.0
6113,239.0
6114,239.0
6115,240.0
6116,240.0
6117,240.0
6118,240.0
6119,240.0
6120,240.0
6121,240.0
6122,240.0
6123,241.0
6124,241.0
6125,241.0
6126,241.0
6127,241.0
6128,241.0
6129,241.0
6130,241.0
6131,241.0
6132,241.0
6133,241.0
6134,241.0
6135,241.0
6136,241.0
6137,242.0
6138,242.0
6139,242.0
6140,242.0
6141,242.0
6142,242.0
6143,242.0
6144,242.0
6145,242.0
6146,242.0
6147,242.0
6148,242.0
6149,242.0
6150,242.0
6151,242.0
6152,242.0
6153,242.0
6154,242.0
6155,242.0
6156,242.0
6157,242.0
6158,242.0
6159,242.0
6160,243.0
6161,243.0
6162,243.0
6163,243.0
6164,243.0
6165,243.0
6166,243.0
6167,243.0
6168,243.0
6169,243.0
6170,243.0
6171,243.0
6172,243.0
6173,243.0
6174,243.0
6175,243.0
6176,243.0
6177,243.0
6178,243.0
6179,243.0
6180,243.0
6181,243.0
6182,243.0
6183,243.0
6184,244.0
6185,244.0
6186,244.0
6187,244.0
6188,244.0
6189,244.0
6190,244.0
6191,244.0
6192,244.0
6193,244.0
6194,244.0
6195,244.0
6196,244.0
6197,244.0
6198,244.0
6199,244.0
6200,244.0
6201,245.0
6202,245.0
6203,245.0
6204,245.0
6205,245.0
6206,245.0
6207,245.0
6208,245.0
6209,246.0
6210,246.0
6211,246.0
6212,246.0
6213,246.0
6214,246.0
6215,246.0
6216,246.0
6217,247.0
6218,247.0
6219,247.0
6220,247.0
6221,247.0
6222,247.0
6223,247.0
6224,247.0
6225,247.0
6226,247.0
6227,247.0
6228,247.0
6229,247.0
6230,247.0
6231,247.0
6232,248.0
6233,248.0
6234,248.0
6235,248.0
6236,248.0
6237,248.0
6238,248.0
6239,248.0
6240,248.0
6241,248.0
6242,248.0
6243,249.0
6244,249.0
6245,249.0
6246,249.0
6247,249.0
6248,249.0
6249,249.0
6250,249.0
6251,250.0
6252,250.0
6253,250.0
6254,250.0
6255,250.0
6256,250.0
6257,250.0
6258,250.0
6259,250.0
6260,250.0
6261,250.0
6262,250.0
6263,250.0
6264,250.0
6265,250.0
6266,250.0
6267,250.0
6268,250.0
6269,251.0
6270,251.0
6271,251.0
6272,251.0
6273,251.0
6274,251.0
6275,251.0
6276,251.0
6277,251.0
6278,251.0
6279,251.0
6280,251.0
6281,251.0
6282,251.0
6283,251.0
6284,251.0
6285,251.0
6286,251.0
6287,252.0
6288,252.0
6289,252.0
6290,252.0
6291,252.0
6292,252.0
6293,252.0
6294,252.0
6295,252.0
6296,253.0
6297,253.0
6298,253.0
6299,253.0
6300,253.0
6301,253.0
6302,253.0
6303,253.0
6304,253.0
6305,254.0
6306,254.0
6307,254.0
6308,254.0
6309,254.0
6310,254.0
6311,254.0
6312,254.0
6313,254.0
6314,254.0
6315,254.0
6316,255.0
6317,255.0
6318,255.0
6319,255.0
6320,255.0
6321,255.0
6322,255.0
6323,255.0
6324,255.0
6325,255.0
6326,255.0
6327,255.0
6328,255.0
6329,255.0
6330,255.0
6331,255.0
6332,255.0
6333,255.0
6334,255.0
6335,256.0
6336,256.0
6337,256.0
6338,256.0
6339,256.0
6340,256.0
6341,256.0
6342,256.0
6343,257.0
6344,257.0
6345,257.0
6346,257.0
6347,257.0
6348,257.0
6349,257.0
6350,257.0
6351,257.0
6352,257.0
6353,257.0
6354,258.0
6355,258.0
6356,258.0
6357,258.0
6358,258.0
6359,258.0
6360,258.0
6361,258.0
6362,259.0
6363,259.0
6364,259.0
6365,259.0
6366,259.0
6367,259.0
6368,259.0
6369,259.0
6370,259.0
6371,259.0
6372,259.0
6373,259.0
6374,259.0
6375,259.0
6376,259.0
6377,259.0
6378,259.0
6379,259.0
6380,259.0
6381,259.0
6382,259.0
6383,260.0
6384,260.0
6385,260.0
6386,260.0
6387,260.0
6388,260.0
6389,260.0
6390,261.0
6391,261.0
6392,261.0
6393,261.0
6394,261.0
6395,261.0
6396,261.0
6397,261.0
6398,261.0
6399,261.0
6400,261.0
6401,261.0
6402,261.0
6403,261.0
6404,261.0
6405,261.0
6406,261.0
6407,261.0
6408,262.0
6409,262.0
6410,262.0
6411,262.0
6412,262.0
6413,262.0
6414,262.0
6415,262.0
6416,263.0
6417,263.0
6418,263.0
6419,263.0
6420,263.0
6421,263.0
6422,263.0
6423,263.0
6424,263.0
6425,263.0
6426,263.0
6427,263.0
6428,263.0
6429,263.0
6430,263.0
6431,263.0
6432,263.0
6433,263.0
6434,264.0
6435,264.0
6436,264.0
6437,264.0
6438,264.0
6439,264.0
6440,264.0
6441,265.0
6442,265.0
6443,265.0
6444,265.0
6445,265.0
6446,265.0
6447,265.0
6448,265.0
6449,266.0
6450,266.0
6451,266.0
6452,266.0
6453,266.0
6454,266.0
6455,266.0
6456,266.0
6457,266.0
6458,266.0
6459,266.0
6460,266.0
6461,266.0
6462,266.0
6463,266.0
6464,266.0
6465,267.0
6466,267.0
6467,267.0
6468,267.0
6469,267.0
6470,267.0
6471,267.0
6472,267.0
6473,268.0
6474,268.0
6475,268.0
6476,268.0
6477,268.0
6478,268.0
6479,268.0
6480,268.0
6481,269.0
6482,269.0
6483,269.0
6484,269.0
6485,269.0
6486,269.0
6487,269.0
6488,269.0
6489,269.0
6490,269.0
6491,269.0
6492,269.0
6493,270.0
6494,270.0
6495,270.0
6496,270.0
6497,270.0
6498,270.0
6499,270.0
6500,270.0
6501,271.0
6502,271.0
6503,271.0
6504,271.0
6505,271.0
6506,271.0
6507,271.0
6508,271.0
6509,271.0
6510,271.0
6511,271.0
6512,271.0
6513,271.0
6514,271.0
6515,272.0
6516,272.0
6517,272.0
6518,272.0
6519,272.0
6520,272.0
6521,272.0
6522,272.0
6523,272.0
6524,273.0
6525,273.0
6526,273.0
6527,273.0
6528,273.0
6529,273.0
6530,273.0
6531,273.0
6532,273.0
6533,273.0
6534,273.0
6535,273.0
6536,274.0
6537,274.0
6538,274.0
6539,274.0
6540,274.0
6541,274.0
6542,274.0
6543,274.0
6544,274.0
6545,275.0
6546,275.0
6547,275.0
6548,275.0
6549,275.0
6550,275.0
6551,275.0
6552,275.0
6553,276.0
6554,276.0
6555,276.0
6556,276.0
6557,276.0
6558,276.0
6559,276.0
6560,277.0
6561,277.0
6562,277.0
6563,277.0
6564,277.0
6565,277.0
6566,277.0
6567,277.0
6568,277.0
6569,277.0
6570,278.0
6571,278.0
6572,278.0
6573,278.0
6574,278.0
6575,278.0
6576,278.0
6577,278.0
6578,278.0
6579,278.0
6580,278.0
6581,278.0
6582,278.0
6583,279.0
6584,279.0
6585,279.0
6586,279.0
6587,279.0
6588,279.0
6589,279.0
6590,279.0
6591,279.0
6592,280.0
6593,280.0
6594,280.0
6595,280.0
6596,280.0
6597,280.0
6598,280.0
6599,281.0
6600,281.0
6601,281.0
6602,281.0
6603,281.0
6604,281.0
6605,281.0
6606,282.0
6607,282.0
6608,282.0
6609,282.0
6610,282.0
6611,282.0
6612,282.0
6613,283.0
6614,283.0
6615,283.0
6616,283.0
6617,283.0
6618,283.0
6619,283.0
6620,283.0
6621,284.0
6622,284.0
6623,284.0
6624,284.0
6625,284.0
6626,284.0
6627,284.0
6628,285.0
6629,285.0
6630,285.0
6631,285.0
6632,285.0
6633,285.0
6634,285.0
6635,286.0
6636,286.0
6637,286.0
6638,286.0
6639,286.0
6640,286.0
6641,286.0
6642,286.0
6643,287.0
6644,287.0
6645,287.0
6646,287.0
6647,287.0
6648,287.0
6649,287.0
6650,288.0
6651,288.0
6652,288.0
6653,288.0
6654,288.0
6655,288.0
6656,288.0
6657,289.0
6658,289.0
6659,289.0
6660,289.0
6661,289.0
6662,289.0
6663,289.0
6664,290.0
6665,290.0
6666,290.0
6667,290.0
6668,290.0
6669,290.0
6670,290.0
6671,291.0
6672,291.0
6673,291.0
6674,291.0
6675,291.0
6676,291.0
6677,291.0
6678,292.0
6679,292.0
6680,292.0
6681,292.0
6682,292.0
6683,292.0
6684,292.0
6685,293.0
6686,293.0
6687,293.0
6688,293.0
6689,293.0
6690,293.0
6691,293.0
6692,294.0
6693,294.0
6694,294.0
6695,294.0
6696,294.0
6697,294.0
6698,294.0
6699,294.0
6700,294.0
6701,294.0
6702,294.0
6703,294.0
6704,294.0
6705,295.0
6706,295.0
6707,295.0
6708,295.0
6709,295.0
6710,295.0
6711,295.0
6712,296.0
6713,296.0
6714,296.0
6715,296.0
6716,296.0
6717,296.0
6718,296.0
6719,296.0
6720,296.0
6721,296.0
6722,296.0
6723,296.0
6724,296.0
6725,296.0
6726,296.0
6727,296.0
6728,296.0
6729,297.0
6730,297.0
6731,297.0
6732,297.0
6733,297.0
6734,297.0
6735,297.0
6736,298.0
6737,298.0
6738,298.0
6739,298.0
6740,298.0
6741,298.0
6742,298.0
6743,299.0
6744,299.0
6745,299.0
6746,299.0
6747,299.0
6748,299.0
6749,299.0
6750,300.0
6751,300.0
6752,300.0
6753,300.0
6754,300.0
6755,300.0
6756,300.0
6757,300.0
6758,301.0
6759,301.0
6760,301.0
6761,301.0
6762,301.0
6763,301.0
6764,301.0
6765,301.0
6766,301.0
6767,302.0
6768,302.0
6769,302.0
6770,302.0
6771,302.0
6772,302.0
6773,302.0
6774,302.0
6775,303.0
6776,303.0
6777,303.0
6778,303.0
6779,303.0
6780,303.0
6781,303.0
6782,303.0
6783,303.0
6784,303.0
6785,303.0
6786,303.0
6787,303.0
6788,303.0
6789,303.0
6790,303.0
6791,303.0
6792,303.0
6793,303.0
6794,304.0
6795,304.0
6796,304.0
6797,304.0
6798,304.0
6799,304.0
6800,304.0
6801,304.0
6802,304.0
6803,304.0
6804,304.0
6805,305.0
6806,305.0
6807,305.0
6808,305.0
6809,305.0
6810,305.0
6811,305.0
6812,305.0
6813,305.0
6814,305.0
6815,305.0
6816,305.0
6817,305.0
6818,305.0
6819,305.0
6820,305.0
6821,305.0
6822,305.0
6823,305.0
6824,305.0
6825,305.0
6826,305.0
6827,305.0
6828,305.0
6829,305.0
6830,305.0
6831,305.0
6832,305.0
6833,305.0
6834,305.0
6835,305.0
6836,305.0
6837,305.0
6838,305.0
6839,306.0
6840,306.0
6841,306.0
6842,306.0
6843,306.0
6844,306.0
6845,306.0
6846,307.0
6847,307.0
6848,307.0
6849,307.0
6850,307.0
6851,307.0
6852,307.0
6853,307.0
6854,307.0
6855,307.0
6856,307.0
6857,308.0
6858,308.0
6859,308.0
6860,308.0
6861,308.0
6862,308.0
6863,308.0
6864,309.0
6865,309.0
6866,309.0
6867,309.0
6868,309.0
6869,309.0
6870,309.0
6871,310.0
6872,310.0
6873,310.0
6874,310.0
6875,310.0
6876,310.0
6877,310.0
6878,311.0
6879,311.0
6880,311.0
6881,311.0
6882,311.0
6883,311.0
6884,311.0
6885,311.0
6886,311.0
6887,311.0
6888,311.0
6889,311.0
6890,312.0
6891,312.0
6892,312.0
6893,312.0
6894,312.0
6895,312.0
6896,312.0
6897,313.0
6898,313.0
6899,313.0
6900,313.0
6901,313.0
6902,313.0
6903,313.0
6904,313.0
6905,313.0
6906,313.0
6907,313.0
6908,313.0
6909,313.0
6910,313.0
6911,313.0
6912,313.0
6913,314.0
6914,314.0
6915,314.0
6916,314.0
6917,314.0
6918,314.0
6919,314.0
6920,315.0
6921,315.0
6922,315.0
6923,315.0
6924,315.0
6925,315.0
6926,315.0
6927,316.0
6928,316.0
6929,316.0
6930,316.0
6931,316.0
6932,316.0
6933,316.0
6934,316.0
6935,316.0
6936,316.0
6937,316.0
6938,316.0
6939,316.0
6940,317.0
6941,317.0
6942,317.0
6943,317.0
6944,317.0
6945,317.0
6946,317.0
6947,318.0
6948,318.0
6949,318.0
6950,318.0
6951,318.0
6952,318.0
6953,318.0
6954,318.0
6955,318.0
6956,318.0
6957,318.0
6958,318.0
6959,318.0
6960,318.0
6961,318.0
6962,319.0
6963,319.0
6964,319.0
6965,319.0
6966,319.0
6967,319.0
6968,319.0
6969,319.0
6970,319.0
6971,319.0
6972,319.0
6973,319.0
6974,319.0
6975,319.0
6976,319.0
6977,320.0
6978,320.0
6979,320.0
6980,320.0
6981,320.0
6982,320.0
6983,320.0
6984,320.0
6985,321.0
6986,321.0
6987,321.0
6988,321.0
6989,321.0
6990,321.0
6991,321.0
6992,322.0
6993,322.0
6994,322.0
6995,322.0
6996,322.0
6997,322.0
6998,322.0
6999,323.0
7000,323.0
7001,323.0
7002,323.0
7003,323.0
7004,323.0
7005,323.0
7006,323.0
7007,324.0
7008,324.0
7009,324.0
7010,324.0
7011,324.0
7012,324.0
7013,324.0
7014,324.0
7015,324.0
7016,324.0
7017,324.0
7018,324.0
7019,325.0
7020,325.0
7021,325.0
7022,325.0
7023,325.0
7024,325.0
7025,325.0
7026,325.0
7027,326.0
7028,326.0
7029,326.0
7030,326.0
7031,326.0
7032,326.0
7033,326.0
7034,326.0
7035,326.0
7036,326.0
7037,326.0
7038,326.0
7039,326.0
7040,326.0
7041,326.0
7042,326.0
7043,326.0
7044,326.0
7045,326.0
7046,327.0
7047,327.0
7048,327.0
7049,327.0
7050,327.0
7051,327.0
7052,327.0
7053,328.0
7054,328.0
7055,328.0
7056,328.0
7057,328.0
7058,328.0
7059,328.0
7060,328.0
7061,328.0
7062,328.0
7063,328.0
7064,329.0
7065,329.0
7066,329.0
7067,329.0
7068,329.0
7069,329.0
7070,329.0
7071,329.0
7072,329.0
7073,329.0
7074,330.0
7075,330.0
7076,330.0
7077,330.0
7078,330.0
7079,330.0
7080,330.0
7081,331.0
7082,331.0
7083,331.0
7084,331.0
7085,331.0
7086,331.0
7087,331.0
7088,331.0
7089,331.0
7090,331.0
7091,331.0
7092,331.0
7093,331.0
7094,331.0
7095,331.0
7096,331.0
7097,331.0
7098,332.0
7099,332.0
7100,332.0
7101,332.0
7102,332.0
7103,332.0
7104,332.0
7105,332.0
7106,332.0
7107,332.0
7108,332.0
7109,333.0
7110,333.0
7111,333.0
7112,333.0
7113,333.0
7114,333.0
7115,333.0
7116,333.0
7117,333.0
7118,333.0
7119,333.0
7120,333.0
7121,333.0
7122,333.0
7123,334.0
7124,334.0
7125,334.0
7126,334.0
7127,334.0
7128,334.0
7129,334.0
7130,335.0
7131,335.0
7132,335.0
7133,335.0
7134,335.0
7135,335.0
7136,335.0
7137,335.0
7138,336.0
7139,336.0
7140,336.0
7141,336.0
7142,336.0
7143,336.0
7144,336.0
7145,336.0
7146,337.0
7147,337.0
7148,337.0
7149,337.0
7150,337.0
7151,337.0
7152,337.0
7153,337.0
7154,338.0
7155,338.0
7156,338.0
7157,338.0
7158,338.0
7159,338.0
7160,338.0
7161,338.0
7162,339.0
7163,339.0
7164,339.0
7165,339.0
7166,339.0
7167,339.0
7168,339.0
7169,339.0
7170,340.0
7171,340.0
7172,340.0
7173,340.0
7174,340.0
7175,340.0
7176,340.0
7177,340.0
7178,340.0
7179,340.0
7180,341.0
7181,341.0
7182,341.0
7183,341.0
7184,341.0
7185,341.0
7186,341.0
7187,341.0
7188,342.0
7189,342.0
7190,342.0
7191,342.0
7192,342.0
7193,342.0
7194,342.0
7195,342.0
7196,342.0
7197,342.0
7198,342.0
7199,342.0
7200,342.0
7201,342.0
7202,342.0
7203,342.0
7204,342.0
7205,342.0
7206,342.0
7207,342.0
7208,342.0
7209,342.0
7210,342.0
7211,342.0
7212,342.0
7213,342.0
7214,343.0
7215,343.0
7216,343.0
7217,343.0
7218,343.0
7219,343.0
7220,343.0
7221,343.0
7222,343.0
7223,343.0
7224,343.0
7225,343.0
7226,343.0
7227,343.0
7228,343.0
7229,343.0
7230,344.0
7231,344.0
7232,344.0
7233,344.0
7234,344.0
7235,344.0
7236,344.0
7237,344.0
7238,345.0
7239,345.0
7240,345.0
7241,345.0
7242,345.0
7243,345.0
7244,345.0
7245,345.0
7246,345.0
7247,345.0
7248,345.0
7249,345.0
7250,345.0
7251,346.0
7252,346.0
7253,346.0
7254,346.0
7255,346.0
7256,346.0
7257,346.0
7258,346.0
7259,346.0
7260,346.0
7261,346.0
7262,346.0
7263,346.0
7264,346.0
7265,346.0
7266,346.0
7267,346.0
7268,346.0
7269,346.0
7270,347.0
7271,347.0
7272,347.0
7273,347.0
7274,347.0
7275,347.0
7276,347.0
7277,347.0
7278,347.0
7279,347.0
7280,347.0
7281,347.0
7282,347.0
7283,347.0
7284,347.0
7285,347.0
7286,347.0
7287,348.0
7288,348.0
7289,348.0
7290,348.0
7291,348.0
7292,348.0
7293,348.0
7294,348.0
7295,348.0
7296,349.0
7297,349.0
7298,349.0
7299,349.0
7300,349.0
7301,349.0
7302,349.0
7303,350.0
7304,350.0
7305,350.0
7306,350.0
7307,350.0
7308,350.0
7309,350.0
7310,350.0
7311,350.0
7312,350.0
7313,350.0
7314,350.0
7315,350.0
7316,350.0
7317,350.0
7318,350.0
7319,351.0
7320,351.0
7321,351.0
7322,351.0
7323,351.0
7324,351.0
7325,351.0
7326,351.0
7327,352.0
7328,352.0
7329,352.0
7330,352.0
7331,352.0
7332,352.0
7333,352.0
7334,353.0
7335,353.0
7336,353.0
7337,353.0
7338,353.0
7339,353.0
7340,353.0
7341,354.0
7342,354.0
7343,354.0
7344,354.0
7345,354.0
7346,354.0
7347,354.0
7348,354.0
7349,354.0
7350,354.0
7351,355.0
7352,355.0
7353,355.0
7354,355.0
7355,355.0
7356,355.0
7357,355.0
7358,356.0
7359,356.0
7360,356.0
7361,356.0
7362,356.0
7363,356.0
7364,356.0
7365,356.0
7366,356.0
7367,356.0
7368,356.0
7369,356.0
7370,356.0
7371,356.0
7372,356.0
7373,356.0
7374,356.0
7375,356.0
7376,356.0
7377,356.0
7378,356.0
7379,357.0
7380,357.0
7381,357.0
7382,357.0
7383,357.0
7384,357.0
7385,357.0
7386,357.0
7387,357.0
7388,358.0
7389,358.0
7390,358.0
7391,358.0
7392,358.0
7393,358.0
7394,358.0
7395,358.0
7396,359.0
7397,359.0
7398,359.0
7399,359.0
7400,359.0
7401,359.0
7402,359.0
7403,359.0
7404,359.0
7405,359.0
7406,360.0
7407,360.0
7408,360.0
7409,360.0
7410,360.0
7411,360.0
7412,360.0
7413,360.0
7414,360.0
7415,360.0
7416,360.0
7417,360.0
7418,360.0
7419,360.0
7420,360.0
7421,360.0
7422,360.0
7423,360.0
7424,360.0
7425,361.0
7426,361.0
7427,361.0
7428,361.0
7429,361.0
7430,361.0
7431,361.0
7432,361.0
7433,361.0
7434,361.0
7435,361.0
7436,362.0
7437,362.0
7438,362.0
7439,362.0
7440,362.0
7441,362.0
7442,362.0
7443,362.0
7444,363.0
7445,363.0
7446,363.0
7447,363.0
7448,363.0
7449,363.0
7450,363.0
7451,363.0
7452,363.0
7453,363.0
7454,363.0
7455,363.0
7456,363.0
7457,363.0
7458,363.0
7459,363.0
7460,363.0
7461,363.0
7462,364.0
7463,364.0
7464,364.0
7465,364.0
7466,364.0
7467,364.0
7468,364.0
7469,364.0
7470,364.0
7471,364.0
7472,364.0
7473,364.0
7474,364.0
7475,364.0
7476,364.0
7477,364.0
7478,364.0
7479,364.0
7480,365.0
7481,365.0
7482,365.0
7483,365.0
7484,365.0
7485,365.0
7486,365.0
7487,365.0
7488,365.0
7489,366.0
7490,366.0
7491,366.0
7492,366.0
7493,366.0
7494,366.0
7495,366.0
7496,366.0
7497,366.0
7498,366.0
7499,366.0
7500,366.0
7501,366.0
7502,366.0
7503,366.0
7504,366.0
7505,366.0
7506,367.0
7507,367.0
7508,367.0
7509,367.0
7510,367.0
7511,367.0
7512,367.0
7513,367.0
7514,367.0
7515,367.0
7516,368.0
7517,368.0
7518,368.0
7519,368.0
7520,368.0
7521,368.0
7522,368.0
7523,369.0
7524,369.0
7525,369.0
7526,369.0
7527,369.0
7528,369.0
7529,369.0
7530,370.0
7531,370.0
7532,370.0
7533,370.0
7534,370.0
7535,370.0
7536,370.0
7537,370.0
7538,370.0
7539,370.0
7540,370.0
7541,370.0
7542,371.0
7543,371.0
7544,371.0
7545,371.0
7546,371.0
7547,371.0
7548,371.0
7549,371.0
7550,371.0
7551,371.0
7552,371.0
7553,371.0
7554,371.0
7555,372.0
7556,372.0
7557,372.0
7558,372.0
7559,372.0
7560,372.0
7561,372.0
7562,372.0
7563,372.0
7564,373.0
7565,373.0
7566,373.0
7567,373.0
7568,373.0
7569,373.0
7570,373.0
7571,373.0
7572,373.0
7573,373.0
7574,373.0
7575,373.0
7576,373.0
7577,373.0
7578,373.0
7579,373.0
7580,373.0
7581,373.0
7582,373.0
7583,373.0
7584,374.0
7585,374.0
7586,374.0
7587,374.0
7588,374.0
7589,374.0
7590,374.0
7591,374.0
7592,374.0
7593,374.0
7594,375.0
7595,375.0
7596,375.0
7597,375.0
7598,375.0
7599,375.0
7600,375.0
7601,375.0
7602,375.0
7603,376.0
7604,376.0
7605,376.0
7606,376.0
7607,376.0
7608,376.0
7609,376.0
7610,376.0
7611,377.0
7612,377.0
7613,377.0
7614,377.0
7615,377.0
7616,377.0
7617,377.0
7618,377.0
7619,377.0
7620,377.0
7621,377.0
7622,377.0
7623,377.0
7624,377.0
7625,377.0
7626,377.0
7627,377.0
7628,377.0
7629,378.0
7630,378.0
7631,378.0
7632,378.0
7633,378.0
7634,378.0
7635,378.0
7636,378.0
7637,378.0
7638,378.0
7639,378.0
7640,378.0
7641,378.0
7642,378.0
7643,378.0
7644,378.0
7645,378.0
7646,378.0
7647,379.0
7648,379.0
7649,379.0
7650,379.0
7651,379.0
7652,379.0
7653,379.0
7654,379.0
7655,379.0
7656,379.0
7657,380.0
7658,380.0
7659,380.0
7660,380.0
7661,380.0
7662,380.0
7663,380.0
7664,381.0
7665,381.0
7666,381.0
7667,381.0
7668,381.0
7669,381.0
7670,381.0
7671,381.0
7672,381.0
7673,381.0
7674,381.0
7675,381.0
7676,381.0
7677,381.0
7678,381.0
7679,381.0
7680,381.0
7681,381.0
7682,381.0
7683,382.0
7684,382.0
7685,382.0
7686,382.0
7687,382.0
7688,382.0
7689,382.0
7690,382.0
7691,382.0
7692,382.0
7693,382.0
7694,382.0
7695,382.0
7696,382.0
7697,382.0
7698,382.0
7699,382.0
7700,382.0
7701,382.0
7702,382.0
7703,382.0
7704,382.0
7705,382.0
7706,383.0
7707,383.0
7708,383.0
7709,383.0
7710,383.0
7711,383.0
7712,383.0
7713,383.0
7714,383.0
7715,383.0
7716,383.0
7717,384.0
7718,384.0
7719,384.0
7720,384.0
7721,384.0
7722,384.0
7723,384.0
7724,385.0
7725,385.0
7726,385.0
7727,385.0
7728,385.0
7729,385.0
7730,385.0
7731,385.0
7732,386.0
7733,386.0
7734,386.0
7735,386.0
7736,386.0
7737,386.0
7738,386.0
7739,386.0
7740,386.0
7741,386.0
7742,387.0
7743,387.0
7744,387.0
7745,387.0
7746,387.0
7747,387.0
7748,387.0
7749,387.0
7750,387.0
7751,387.0
7752,387.0
7753,387.0
7754,387.0
7755,387.0
7756,387.0
7757,387.0
7758,387.0
7759,387.0
7760,387.0
7761,387.0
7762,387.0
7763,387.0
7764,387.0
7765,387.0
7766,387.0
7767,387.0
7768,387.0
7769,387.0
7770,388.0
7771,388.0
7772,388.0
7773,388.0
7774,388.0
7775,388.0
7776,388.0
7777,388.0
7778,389.0
7779,389.0
7780,389.0
7781,389.0
7782,389.0
7783,389.0
7784,389.0
7785,389.0
7786,390.0
7787,390.0
7788,390.0
7789,390.0
7790,390.0
7791,390.0
7792,390.0
7793,390.0
7794,391.0
7795,391.0
7796,391.0
7797,391.0
7798,391.0
7799,391.0
7800,391.0
7801,391.0
7802,392.0
7803,392.0
7804,392.0
7805,392.0
7806,392.0
7807,392.0
7808,392.0
7809,392.0
7810,392.0
7811,392.0
7812,392.0
7813,392.0
7814,392.0
7815,393.0
7816,393.0
7817,393.0
7818,393.0
7819,393.0
7820,393.0
7821,393.0
7822,393.0
7823,393.0
7824,393.0
7825,393.0
7826,393.0
7827,393.0
7828,393.0
7829,393.0
7830,394.0
7831,394.0
7832,394.0
7833,394.0
7834,394.0
7835,394.0
7836,394.0
7837,394.0
7838,394.0
7839,394.0
7840,394.0
7841,394.0
7842,394.0
7843,394.0
7844,394.0
7845,394.0
7846,395.0
7847,395.0
7848,395.0
7849,395.0
7850,395.0
7851,395.0
7852,395.0
7853,396.0
7854,396.0
7855,396.0
7856,396.0
7857,396.0
7858,396.0
7859,396.0
7860,396.0
7861,396.0
7862,396.0
7863,396.0
7864,396.0
7865,397.0
7866,397.0
7867,397.0
7868,397.0
7869,397.0
7870,397.0
7871,397.0
7872,397.0
7873,398.0
7874,398.0
7875,398.0
7876,398.0
7877,398.0
7878,398.0
7879,398.0
7880,398.0
7881,398.0
7882,398.0
7883,398.0
7884,398.0
7885,398.0
7886,398.0
7887,398.0
7888,398.0
7889,398.0
7890,398.0
7891,398.0
7892,398.0
7893,398.0
7894,398.0
7895,398.0
7896,398.0
7897,398.0
7898,398.0
7899,398.0
7900,398.0
7901,399.0
7902,399.0
7903,399.0
7904,399.0
7905,399.0
7906,399.0
7907,399.0
7908,399.0
7909,400.0
7910,400.0
7911,400.0
7912,400.0
7913,400.0
7914,400.0
7915,400.0
7916,401.0
7917,401.0
7918,401.0
7919,401.0
7920,401.0
7921,401.0
7922,401.0
7923,401.0
7924,401.0
7925,401.0
7926,401.0
7927,401.0
7928,401.0
7929,401.0
7930,401.0
7931,401.0
7932,401.0
7933,401.0
7934,402.0
7935,402.0
7936,402.0
7937,402.0
7938,402.0
7939,402.0
7940,402.0
7941,403.0
7942,403.0
7943,403.0
7944,403.0
7945,403.0
7946,403.0
7947,403.0
7948,404.0
7949,404.0
7950,404.0
7951,404.0
7952,404.0
7953,404.0
7954,404.0
7955,404.0
7956,404.0
7957,404.0
7958,404.0
7959,404.0
7960,404.0
7961,404.0
7962,404.0
7963,404.0
7964,404.0
7965,405.0
7966,405.0
7967,405.0
7968,405.0
7969,405.0
7970,405.0
7971,405.0
7972,405.0
7973,405.0
7974,405.0
7975,405.0
7976,405.0
7977,405.0
7978,406.0
7979,406.0
7980,406.0
7981,406.0
7982,406.0
7983,406.0
7984,406.0
7985,407.0
7986,407.0
7987,407.0
7988,407.0
7989,407.0
7990,407.0
7991,407.0
7992,408.0
7993,408.0
7994,408.0
7995,408.0
7996,408.0
7997,408.0
7998,408.0
7999,408.0
8000,408.0
